id,customer_id,payment_id,dining_id,staff_id,created_at
1,132,2,1,FU125,2024-09-21 03:10:14
2,113,2,3,FU123,2024-09-19 20:17:03
3,148,1,1,FU110,2024-09-18 22:40:31
4,124,3,1,FU107,2024-09-12 16:22:05
5,116,3,3,FU131,2024-09-09 00:20:53
6,109,2,1,FU127,2024-09-15 02:03:15
7,125,2,1,FU117,2024-09-22 16:49:31
8,149,2,2,FU130,2024-09-24 04:01:30
9,149,1,3,FU128,2024-09-25 22:00:14
10,107,1,2,FU128,2024-09-19 01:05:21
11,137,1,2,FU115,2024-09-16 14:48:11
12,115,2,2,FU131,2024-09-16 04:16:40
13,107,3,2,FU130,2024-09-14 01:51:32
14,116,2,3,FU104,2024-09-18 02:32:34
15,102,2,1,FU122,2024-09-12 15:17:10
16,140,1,1,FU120,2024-09-14 06:20:18
17,130,1,2,FU128,2024-09-13 04:59:31
18,142,3,1,FU103,2024-09-15 23:30:08
19,136,3,2,FU115,2024-09-22 19:44:35
20,133,2,1,FU102,2024-09-18 12:29:14
21,124,1,3,FU113,2024-09-20 15:15:13
22,102,2,3,FU126,2024-09-13 01:20:40
23,144,2,2,FU111,2024-09-18 14:03:31
24,121,2,3,FU107,2024-09-08 10:36:30
25,122,3,1,FU118,2024-09-14 06:40:20
26,103,2,2,FU116,2024-09-14 05:09:37
27,113,2,1,FU101,2024-09-13 02:11:07
28,134,3,3,FU125,2024-09-11 03:09:07
29,136,2,3,FU121,2024-09-16 02:30:42
30,113,2,2,FU112,2024-09-16 20:13:39
31,128,2,3,FU121,2024-09-08 01:36:17
32,127,2,2,FU121,2024-09-18 14:35:51
33,106,2,2,FU131,2024-09-08 16:47:52
34,143,2,3,FU111,2024-09-21 05:11:27
35,127,1,3,FU111,2024-09-15 09:06:03
36,146,1,1,FU114,2024-09-19 15:31:11
37,109,2,2,FU108,2024-09-14 12:54:20
38,146,1,3,FU103,2024-09-23 11:39:57
39,134,2,2,FU109,2024-09-08 11:56:42
40,140,2,3,FU128,2024-09-16 06:44:17
41,122,2,2,FU122,2024-09-09 03:57:02
42,137,1,1,FU115,2024-09-11 10:51:21
43,133,2,3,FU106,2024-09-17 04:13:18
44,142,2,1,FU104,2024-09-21 06:44:50
45,126,1,1,FU118,2024-09-25 01:36:37
46,104,3,1,FU122,2024-09-22 12:43:44
47,105,2,2,FU112,2024-09-23 02:50:37
48,124,3,3,FU127,2024-09-20 19:10:23
49,115,2,2,FU121,2024-09-19 10:55:48
50,125,3,1,FU121,2024-09-24 15:43:54
51,142,1,3,FU119,2024-09-09 13:56:22
52,125,1,3,FU108,2024-09-19 11:15:16
53,121,3,3,FU123,2024-09-18 18:52:15
54,125,2,1,FU108,2024-09-25 08:38:40
55,135,1,2,FU112,2024-09-25 09:48:24
56,106,1,2,FU104,2024-09-17 02:02:49
57,121,3,2,FU103,2024-09-25 17:49:39
58,117,2,3,FU103,2024-09-18 18:07:49
59,145,1,1,FU125,2024-09-09 19:32:35
60,122,1,2,FU114,2024-09-19 13:41:09
61,126,2,3,FU110,2024-09-12 11:55:45
62,149,2,2,FU105,2024-09-14 09:51:42
63,127,1,3,FU123,2024-09-15 22:34:48
64,105,1,2,FU109,2024-09-09 12:52:28
65,112,3,2,FU121,2024-09-12 04:19:10
66,132,2,1,FU124,2024-09-12 20:25:31
67,132,2,2,FU105,2024-09-21 03:32:24
68,107,3,1,FU101,2024-09-21 06:24:48
69,103,2,3,FU123,2024-09-21 01:31:45
70,118,2,3,FU113,2024-09-15 01:20:33
71,144,3,3,FU116,2024-09-14 23:26:17
72,121,1,2,FU107,2024-09-22 16:37:29
73,138,1,2,FU115,2024-09-17 15:31:15
74,118,2,1,FU103,2024-09-19 09:29:26
75,120,3,1,FU114,2024-09-12 14:52:11
76,137,1,1,FU116,2024-09-10 13:04:21
77,122,3,1,FU120,2024-09-14 14:19:24
78,124,1,3,FU103,2024-09-16 01:34:13
79,122,3,2,FU101,2024-09-24 03:17:12
80,115,2,2,FU119,2024-09-13 12:46:31
81,121,1,3,FU118,2024-09-23 12:27:39
82,123,3,3,FU120,2024-09-25 08:44:26
83,150,2,1,FU114,2024-09-16 10:35:47
84,141,2,3,FU113,2024-09-23 06:46:38
85,125,2,3,FU130,2024-09-21 16:40:47
86,107,3,3,FU116,2024-09-13 09:14:56
87,130,1,1,FU119,2024-09-19 11:20:31
88,119,1,1,FU111,2024-09-21 00:40:06
89,149,2,2,FU106,2024-09-19 11:27:14
90,139,1,2,FU110,2024-09-09 07:22:25
91,148,2,2,FU116,2024-09-16 22:29:34
92,127,3,2,FU115,2024-09-18 17:47:49
93,104,2,2,FU119,2024-09-23 09:22:55
94,101,3,2,FU117,2024-09-10 06:49:09
95,117,1,2,FU117,2024-09-24 10:01:25
96,123,1,3,FU109,2024-09-16 13:03:15
97,150,3,2,FU128,2024-09-23 03:42:19
98,125,1,3,FU116,2024-09-24 10:28:40
99,130,2,1,FU102,2024-09-08 02:56:49
100,115,1,2,FU110,2024-09-25 09:13:31
101,132,3,2,FU129,2024-09-26 04:34:54
102,100,2,2,FU104,2024-09-20 18:15:18
103,120,1,1,FU103,2024-09-09 11:54:22
104,105,3,1,FU124,2024-09-22 11:45:57
105,135,1,2,FU122,2024-09-17 08:33:38
106,148,3,1,FU130,2024-09-22 15:45:27
107,119,3,3,FU125,2024-09-08 02:22:42
108,108,3,2,FU122,2024-09-14 09:32:02
109,116,1,3,FU117,2024-09-15 20:42:48
110,150,1,1,FU130,2024-09-24 11:52:51
111,101,3,3,FU102,2024-09-23 01:50:31
112,109,3,1,FU110,2024-09-08 15:07:38
113,121,3,2,FU131,2024-09-22 19:42:44
114,148,2,1,FU103,2024-09-16 21:43:48
115,128,3,2,FU110,2024-09-15 00:07:28
116,113,1,1,FU114,2024-09-24 10:17:23
117,135,1,3,FU127,2024-09-24 01:00:45
118,116,3,1,FU127,2024-09-16 11:21:57
119,134,2,2,FU113,2024-09-18 14:08:59
120,100,3,2,FU110,2024-09-20 20:51:04
121,145,3,3,FU128,2024-09-25 20:50:45
122,139,2,3,FU103,2024-09-09 19:08:01
123,127,1,2,FU128,2024-09-20 21:43:37
124,144,3,1,FU122,2024-09-08 09:05:49
125,112,1,1,FU107,2024-09-08 02:56:58
126,146,1,3,FU108,2024-09-17 04:20:14
127,118,1,3,FU115,2024-09-17 12:05:47
128,109,3,3,FU124,2024-09-08 02:47:07
129,126,3,2,FU125,2024-09-26 06:27:23
130,102,3,2,FU127,2024-09-25 10:34:12
131,111,3,2,FU107,2024-09-10 03:34:31
132,120,3,1,FU129,2024-09-21 08:05:46
133,108,3,3,FU131,2024-09-16 06:19:19
134,132,1,3,FU116,2024-09-13 21:20:29
135,112,2,3,FU115,2024-09-19 22:15:00
136,120,3,2,FU117,2024-09-22 06:07:22
137,135,3,2,FU120,2024-09-14 21:42:44
138,103,1,1,FU130,2024-09-22 20:05:55
139,140,3,2,FU117,2024-09-17 12:44:21
140,133,3,1,FU101,2024-09-22 06:05:17
141,133,1,3,FU131,2024-09-24 06:11:51
142,150,3,3,FU102,2024-09-25 14:42:50
143,130,3,3,FU125,2024-09-16 05:09:40
144,149,1,3,FU125,2024-09-10 02:47:26
145,132,1,1,FU116,2024-09-10 03:26:11
146,142,1,3,FU120,2024-09-09 17:38:30
147,150,3,2,FU112,2024-09-15 00:45:36
148,134,2,3,FU112,2024-09-26 04:18:17
149,112,2,3,FU101,2024-09-16 06:21:50
150,121,1,3,FU126,2024-09-15 18:36:12
151,130,3,1,FU104,2024-09-12 09:12:25
152,134,2,2,FU123,2024-09-20 15:35:14
153,141,1,1,FU103,2024-09-15 02:09:22
154,141,3,1,FU116,2024-09-12 14:44:06
155,141,1,3,FU110,2024-09-18 23:29:50
156,138,1,3,FU131,2024-09-17 15:13:17
157,108,3,1,FU104,2024-09-19 17:24:48
158,122,3,1,FU129,2024-09-22 18:38:46
159,120,3,1,FU106,2024-09-19 06:45:38
160,110,2,3,FU114,2024-09-19 04:59:05
161,131,2,3,FU120,2024-09-16 01:40:15
162,119,3,1,FU109,2024-09-17 18:19:50
163,150,2,1,FU125,2024-09-14 23:41:42
164,131,3,3,FU127,2024-09-23 09:22:38
165,115,3,3,FU102,2024-09-10 13:45:46
166,110,2,3,FU112,2024-09-25 05:50:51
167,103,2,2,FU122,2024-09-12 18:58:27
168,103,1,2,FU120,2024-09-17 17:56:57
169,127,3,1,FU105,2024-09-08 23:10:40
170,115,1,3,FU108,2024-09-21 04:54:37
171,139,3,1,FU130,2024-09-26 06:02:11
172,140,2,1,FU110,2024-09-21 14:34:13
173,143,1,3,FU128,2024-09-14 03:46:28
174,118,2,2,FU112,2024-09-08 04:19:45
175,114,1,2,FU104,2024-09-24 03:26:30
176,139,3,2,FU101,2024-09-09 11:01:18
177,125,3,2,FU106,2024-09-18 07:49:03
178,115,3,2,FU113,2024-09-14 14:57:08
179,104,2,1,FU120,2024-09-15 12:59:49
180,125,3,3,FU112,2024-09-21 06:23:06
181,150,3,2,FU114,2024-09-26 09:56:30
182,104,2,2,FU123,2024-09-20 10:23:05
183,117,3,1,FU106,2024-09-14 07:05:24
184,133,2,3,FU126,2024-09-13 22:51:18
185,110,2,3,FU111,2024-09-24 10:44:07
186,150,3,1,FU106,2024-09-15 15:35:59
187,104,1,2,FU128,2024-09-13 02:04:45
188,104,1,3,FU101,2024-09-08 03:29:28
189,102,2,3,FU105,2024-09-25 23:14:41
190,150,3,2,FU121,2024-09-08 22:28:05
191,132,1,1,FU130,2024-09-17 06:44:34
192,110,3,1,FU124,2024-09-10 03:05:41
193,104,1,3,FU117,2024-09-14 01:46:02
194,138,2,3,FU103,2024-09-18 08:16:43
195,117,3,2,FU102,2024-09-14 10:48:59
196,108,2,1,FU116,2024-09-12 08:04:20
197,132,2,1,FU124,2024-09-15 14:52:37
198,141,1,1,FU101,2024-09-16 20:35:32
199,142,1,3,FU109,2024-09-21 07:58:31
200,101,2,1,FU126,2024-09-09 18:04:07
201,102,2,3,FU109,2024-09-26 08:08:54
202,144,2,3,FU105,2024-09-11 23:58:07
203,146,3,1,FU106,2024-09-12 02:17:36
204,101,2,3,FU106,2024-09-16 01:35:19
205,122,1,2,FU103,2024-09-23 18:38:45
206,130,3,1,FU105,2024-09-19 13:24:10
207,109,1,1,FU107,2024-09-10 14:58:09
208,107,1,1,FU108,2024-09-12 03:52:58
209,116,1,3,FU101,2024-09-10 20:37:39
210,131,1,3,FU127,2024-09-22 02:58:47
211,125,3,3,FU125,2024-09-21 18:47:01
212,142,1,3,FU121,2024-09-24 18:33:55
213,113,2,3,FU118,2024-09-17 11:08:53
214,134,3,2,FU124,2024-09-15 06:03:02
215,114,2,2,FU116,2024-09-25 10:06:07
216,107,2,2,FU102,2024-09-22 22:13:06
217,147,1,2,FU103,2024-09-08 07:24:15
218,145,2,2,FU121,2024-09-16 15:10:34
219,150,1,2,FU108,2024-09-17 06:52:08
220,141,2,2,FU120,2024-09-26 07:03:26
221,119,1,1,FU103,2024-09-22 11:05:26
222,111,1,2,FU110,2024-09-13 17:59:35
223,141,2,1,FU126,2024-09-14 17:51:15
224,109,1,2,FU117,2024-09-19 11:49:50
225,108,1,1,FU117,2024-09-14 00:46:16
226,103,1,3,FU101,2024-09-10 15:47:30
227,108,3,1,FU116,2024-09-22 04:56:47
228,148,2,3,FU121,2024-09-16 10:16:45
229,113,2,3,FU103,2024-09-23 02:50:07
230,137,1,1,FU105,2024-09-11 09:24:26
231,135,1,3,FU106,2024-09-15 01:35:04
232,149,2,3,FU106,2024-09-22 15:38:12
233,127,2,2,FU118,2024-09-10 15:23:13
234,105,1,2,FU122,2024-09-11 12:27:29
235,127,2,1,FU128,2024-09-10 15:38:06
236,103,2,2,FU126,2024-09-14 17:08:05
237,124,3,1,FU121,2024-09-08 18:16:48
238,101,2,3,FU131,2024-09-12 12:54:36
239,138,1,1,FU130,2024-09-09 12:41:24
240,148,1,3,FU116,2024-09-20 16:18:32
241,111,1,2,FU130,2024-09-09 01:49:49
242,118,3,2,FU127,2024-09-10 10:54:48
243,143,1,3,FU106,2024-09-18 01:03:59
244,107,1,2,FU117,2024-09-23 20:03:56
245,105,3,3,FU103,2024-09-12 13:32:38
246,143,2,1,FU128,2024-09-14 08:42:10
247,143,2,3,FU115,2024-09-26 09:14:27
248,111,2,1,FU129,2024-09-14 14:01:56
249,132,2,3,FU109,2024-09-24 06:30:00
250,130,2,3,FU129,2024-09-14 21:58:09
251,150,1,2,FU128,2024-09-14 16:30:12
252,139,3,2,FU126,2024-09-14 17:12:28
253,120,1,3,FU116,2024-09-19 18:20:29
254,108,3,2,FU114,2024-09-26 02:56:02
255,144,2,1,FU111,2024-09-13 20:15:30
256,123,2,3,FU108,2024-09-24 06:45:40
257,142,1,1,FU123,2024-09-09 12:50:40
258,107,2,3,FU128,2024-09-08 21:21:48
259,137,2,3,FU129,2024-09-23 13:30:07
260,147,2,3,FU123,2024-09-26 06:05:31
261,116,3,3,FU119,2024-09-22 14:33:17
262,143,2,2,FU126,2024-09-17 14:22:15
263,114,3,2,FU106,2024-09-13 01:43:43
264,114,3,2,FU122,2024-09-09 00:26:37
265,112,2,1,FU111,2024-09-13 14:03:40
266,100,3,2,FU129,2024-09-20 03:18:24
267,109,2,1,FU110,2024-09-09 16:22:48
268,102,1,3,FU101,2024-09-20 01:11:30
269,138,3,3,FU121,2024-09-21 13:50:28
270,119,2,2,FU113,2024-09-11 06:04:16
271,134,1,1,FU102,2024-09-08 23:49:13
272,132,3,3,FU104,2024-09-26 06:07:16
273,137,3,2,FU123,2024-09-12 23:02:15
274,146,2,3,FU119,2024-09-23 14:00:33
275,118,3,3,FU112,2024-09-11 15:48:29
276,133,2,2,FU122,2024-09-20 14:11:37
277,146,2,2,FU109,2024-09-25 16:30:37
278,145,2,1,FU106,2024-09-20 08:24:01
279,114,1,3,FU106,2024-09-12 21:44:24
280,122,2,2,FU131,2024-09-22 16:02:04
281,141,3,1,FU125,2024-09-21 19:50:02
282,130,1,3,FU121,2024-09-12 19:24:58
283,109,1,2,FU124,2024-09-14 18:48:25
284,115,2,3,FU109,2024-09-14 20:06:33
285,138,3,1,FU120,2024-09-12 08:56:02
286,123,1,2,FU122,2024-09-13 06:47:53
287,129,2,3,FU126,2024-09-20 13:30:56
288,105,3,1,FU114,2024-09-16 02:22:30
289,148,3,2,FU101,2024-09-08 12:45:40
290,114,2,3,FU130,2024-09-16 00:13:52
291,110,3,3,FU107,2024-09-11 08:59:48
292,114,2,1,FU124,2024-09-11 06:03:01
293,104,2,3,FU117,2024-09-12 12:32:12
294,136,3,1,FU113,2024-09-11 18:34:59
295,113,2,2,FU101,2024-09-18 05:18:47
296,146,3,3,FU116,2024-09-21 17:19:06
297,143,1,2,FU122,2024-09-15 08:33:30
298,101,2,2,FU128,2024-09-22 00:26:13
299,150,2,3,FU111,2024-09-09 02:12:02
300,126,1,2,FU106,2024-09-15 15:37:01
301,122,2,3,FU111,2024-09-26 07:28:29
302,105,3,1,FU121,2024-09-24 01:36:30
303,130,2,1,FU119,2024-09-16 04:17:42
304,129,1,3,FU107,2024-09-09 05:19:53
305,108,2,1,FU120,2024-09-21 18:37:25
306,111,2,1,FU109,2024-09-19 00:29:52
307,102,2,1,FU105,2024-09-13 01:38:11
308,128,3,1,FU111,2024-09-14 09:00:11
309,130,3,2,FU130,2024-09-23 20:32:09
310,112,2,3,FU128,2024-09-23 09:34:42
311,126,3,1,FU128,2024-09-10 04:34:14
312,107,2,2,FU117,2024-09-15 11:13:24
313,105,3,2,FU101,2024-09-19 04:03:10
314,103,3,1,FU108,2024-09-13 16:23:55
315,132,3,3,FU116,2024-09-10 11:01:41
316,130,1,2,FU128,2024-09-08 10:00:06
317,102,1,3,FU105,2024-09-21 20:38:07
318,128,1,2,FU118,2024-09-17 02:34:03
319,106,3,3,FU122,2024-09-17 01:38:51
320,125,3,3,FU113,2024-09-13 22:30:53
321,115,3,3,FU107,2024-09-09 12:00:07
322,101,1,3,FU121,2024-09-23 18:43:57
323,109,3,1,FU128,2024-09-24 04:41:34
324,123,2,1,FU109,2024-09-22 02:44:48
325,137,2,3,FU125,2024-09-13 00:02:55
326,121,2,3,FU109,2024-09-22 17:38:56
327,111,2,1,FU113,2024-09-21 15:36:50
328,135,2,2,FU131,2024-09-11 09:11:34
329,130,2,2,FU130,2024-09-13 17:53:42
330,101,1,3,FU127,2024-09-19 13:49:46
331,123,1,2,FU116,2024-09-18 18:26:41
332,119,3,2,FU116,2024-09-11 22:37:56
333,146,2,2,FU121,2024-09-11 20:19:54
334,128,2,3,FU108,2024-09-10 07:59:42
335,116,1,3,FU108,2024-09-13 00:43:57
336,112,3,1,FU115,2024-09-19 16:43:36
337,109,3,3,FU121,2024-09-08 23:08:39
338,128,2,1,FU112,2024-09-22 14:27:39
339,134,1,3,FU121,2024-09-12 13:22:42
340,109,3,3,FU101,2024-09-17 09:44:33
341,110,2,3,FU131,2024-09-10 05:26:03
342,129,1,1,FU120,2024-09-13 16:10:19
343,126,2,3,FU103,2024-09-08 16:58:49
344,107,2,2,FU114,2024-09-21 13:09:07
345,144,1,1,FU110,2024-09-21 16:16:00
346,120,1,2,FU111,2024-09-13 14:20:45
347,101,1,2,FU107,2024-09-24 03:03:46
348,113,1,1,FU123,2024-09-10 12:38:52
349,124,2,2,FU102,2024-09-18 20:59:37
350,106,3,1,FU127,2024-09-12 04:19:13
351,107,2,3,FU110,2024-09-16 02:11:08
352,136,2,1,FU114,2024-09-17 02:25:29
353,114,2,3,FU111,2024-09-14 02:56:14
354,121,3,1,FU127,2024-09-14 16:17:20
355,133,3,1,FU105,2024-09-23 04:20:36
356,149,3,2,FU107,2024-09-19 16:10:49
357,104,3,3,FU107,2024-09-21 00:30:14
358,149,2,2,FU120,2024-09-22 17:44:02
359,130,3,1,FU101,2024-09-12 23:49:18
360,141,3,2,FU116,2024-09-18 23:43:40
361,129,2,3,FU124,2024-09-19 07:50:43
362,129,3,1,FU104,2024-09-19 11:49:24
363,144,2,2,FU130,2024-09-25 09:42:48
364,148,2,1,FU123,2024-09-16 20:35:08
365,138,2,1,FU124,2024-09-23 07:10:35
366,130,1,1,FU124,2024-09-16 01:24:42
367,120,3,2,FU105,2024-09-17 22:35:47
368,110,2,1,FU131,2024-09-19 06:41:24
369,135,3,2,FU131,2024-09-26 08:38:04
370,101,3,3,FU111,2024-09-09 15:13:35
371,111,3,3,FU109,2024-09-20 03:17:15
372,114,3,2,FU126,2024-09-17 06:44:48
373,116,2,2,FU127,2024-09-12 13:39:18
374,141,3,2,FU115,2024-09-13 06:48:32
375,128,1,2,FU106,2024-09-10 16:39:27
376,106,2,3,FU106,2024-09-25 09:40:20
377,101,1,2,FU117,2024-09-25 13:45:50
378,120,1,2,FU106,2024-09-21 16:07:20
379,101,2,1,FU130,2024-09-11 04:01:39
380,120,1,3,FU130,2024-09-10 11:40:52
381,125,2,1,FU129,2024-09-09 13:21:24
382,133,1,1,FU116,2024-09-23 02:43:41
383,102,1,2,FU108,2024-09-17 19:00:56
384,135,3,3,FU106,2024-09-14 06:03:19
385,139,1,3,FU129,2024-09-11 09:46:16
386,129,2,1,FU108,2024-09-12 06:27:41
387,120,1,3,FU118,2024-09-14 19:52:11
388,134,1,3,FU117,2024-09-14 12:45:31
389,150,3,3,FU125,2024-09-11 19:09:11
390,122,3,2,FU128,2024-09-11 02:45:23
391,115,1,2,FU113,2024-09-11 05:23:02
392,150,1,2,FU118,2024-09-10 03:38:11
393,128,3,1,FU129,2024-09-19 16:51:25
394,109,3,3,FU107,2024-09-09 17:02:11
395,101,1,2,FU104,2024-09-23 08:49:53
396,105,3,1,FU121,2024-09-11 17:51:50
397,118,3,2,FU106,2024-09-13 23:16:59
398,148,2,3,FU104,2024-09-11 12:12:01
399,121,2,1,FU126,2024-09-20 03:42:54
400,149,2,1,FU124,2024-09-14 00:58:50
401,124,3,1,FU131,2024-09-13 22:20:22
402,146,1,1,FU102,2024-09-20 17:21:17
403,125,1,3,FU106,2024-09-20 20:34:11
404,102,1,1,FU116,2024-09-16 15:06:04
405,114,1,2,FU117,2024-09-25 07:16:02
406,131,3,2,FU127,2024-09-15 19:58:35
407,140,1,2,FU116,2024-09-22 04:35:52
408,147,1,3,FU110,2024-09-12 17:00:08
409,149,1,3,FU121,2024-09-09 21:06:41
410,100,1,3,FU119,2024-09-20 11:35:26
411,113,3,3,FU108,2024-09-25 15:37:33
412,140,3,3,FU128,2024-09-24 21:24:33
413,141,2,1,FU107,2024-09-10 07:11:22
414,113,3,2,FU107,2024-09-14 08:24:06
415,138,1,1,FU130,2024-09-21 11:56:50
416,135,3,2,FU129,2024-09-13 22:43:07
417,111,1,3,FU112,2024-09-21 02:26:42
418,132,1,3,FU118,2024-09-16 20:10:05
419,150,3,1,FU131,2024-09-16 13:08:33
420,100,1,2,FU131,2024-09-18 05:09:37
421,124,2,2,FU101,2024-09-14 23:24:42
422,147,3,2,FU119,2024-09-11 17:09:00
423,115,2,2,FU110,2024-09-19 04:15:15
424,144,2,3,FU117,2024-09-13 10:20:00
425,116,1,1,FU102,2024-09-25 09:26:20
426,123,2,1,FU116,2024-09-20 15:52:42
427,104,2,2,FU122,2024-09-26 09:04:13
428,105,2,3,FU104,2024-09-11 07:24:02
429,142,3,1,FU104,2024-09-18 02:52:51
430,124,2,3,FU124,2024-09-09 07:06:05
431,116,3,1,FU126,2024-09-24 11:38:22
432,100,1,2,FU119,2024-09-25 09:03:43
433,103,2,3,FU116,2024-09-20 15:10:27
434,135,2,2,FU112,2024-09-10 10:30:05
435,137,2,1,FU117,2024-09-09 09:59:38
436,125,2,2,FU101,2024-09-21 08:58:04
437,110,1,1,FU125,2024-09-22 20:35:27
438,150,2,1,FU101,2024-09-22 02:26:07
439,142,1,1,FU108,2024-09-22 00:03:13
440,140,2,3,FU123,2024-09-23 15:36:05
441,137,1,3,FU113,2024-09-14 17:04:41
442,113,3,1,FU131,2024-09-25 22:58:49
443,136,1,1,FU105,2024-09-14 13:20:16
444,145,1,2,FU118,2024-09-23 23:19:46
445,135,3,3,FU101,2024-09-24 20:17:23
446,141,1,2,FU119,2024-09-16 22:26:48
447,126,1,2,FU118,2024-09-22 19:48:05
448,148,2,3,FU104,2024-09-23 07:28:25
449,133,1,1,FU117,2024-09-10 09:34:01
450,146,3,1,FU104,2024-09-15 21:08:38
451,146,2,3,FU112,2024-09-23 08:00:32
452,135,2,2,FU117,2024-09-16 15:18:29
453,122,2,1,FU131,2024-09-17 10:45:46
454,131,2,1,FU118,2024-09-20 17:07:25
455,149,3,2,FU120,2024-09-24 07:22:44
456,121,1,1,FU114,2024-09-26 05:51:28
457,126,3,1,FU131,2024-09-23 15:34:03
458,135,3,1,FU105,2024-09-12 09:51:39
459,135,2,3,FU129,2024-09-24 18:51:50
460,103,3,3,FU130,2024-09-23 00:29:51
461,135,3,2,FU113,2024-09-16 11:34:30
462,141,1,2,FU123,2024-09-15 09:57:37
463,117,2,3,FU118,2024-09-08 14:23:00
464,123,1,1,FU111,2024-09-16 10:14:31
465,123,2,3,FU121,2024-09-22 01:54:14
466,143,2,1,FU125,2024-09-18 08:18:08
467,112,3,2,FU118,2024-09-18 02:54:54
468,108,3,2,FU115,2024-09-13 06:09:11
469,131,3,2,FU126,2024-09-13 19:47:01
470,142,2,1,FU107,2024-09-19 01:57:36
471,126,3,1,FU103,2024-09-21 12:28:48
472,125,1,1,FU127,2024-09-15 00:53:45
473,102,1,1,FU127,2024-09-12 03:18:29
474,116,3,2,FU122,2024-09-08 05:45:29
475,136,1,3,FU125,2024-09-08 18:22:16
476,140,2,3,FU130,2024-09-15 07:46:47
477,117,2,2,FU101,2024-09-25 03:51:03
478,143,2,2,FU105,2024-09-12 21:31:46
479,130,3,3,FU109,2024-09-20 08:19:55
480,129,3,2,FU119,2024-09-08 11:43:49
481,108,3,2,FU112,2024-09-24 20:51:23
482,149,2,1,FU114,2024-09-20 08:35:30
483,119,3,1,FU117,2024-09-26 06:58:59
484,127,3,3,FU102,2024-09-20 17:33:24
485,138,1,1,FU117,2024-09-08 19:34:28
486,142,3,3,FU119,2024-09-23 22:04:50
487,137,3,2,FU128,2024-09-10 01:32:19
488,143,2,3,FU113,2024-09-10 03:40:28
489,123,1,1,FU128,2024-09-15 22:06:53
490,113,3,2,FU109,2024-09-09 05:22:47
491,123,2,3,FU101,2024-09-17 18:52:38
492,129,1,2,FU130,2024-09-26 09:26:20
493,139,1,2,FU130,2024-09-09 07:20:45
494,119,3,3,FU114,2024-09-11 12:27:52
495,115,1,2,FU128,2024-09-09 10:46:56
496,146,1,3,FU108,2024-09-23 15:17:51
497,133,3,2,FU114,2024-09-26 01:20:59
498,146,2,1,FU124,2024-09-14 16:43:12
499,148,2,2,FU116,2024-09-22 13:43:17
500,141,3,1,FU109,2024-09-22 10:03:22
501,100,1,1,FU118,2024-09-15 02:52:48
502,141,1,3,FU121,2024-09-18 02:45:01
503,130,1,3,FU131,2024-09-24 15:28:12
504,109,2,1,FU128,2024-09-21 22:46:09
505,139,3,1,FU111,2024-09-16 13:55:17
506,145,2,3,FU119,2024-09-14 23:29:18
507,102,3,3,FU127,2024-09-21 13:11:46
508,142,1,3,FU122,2024-09-22 14:03:51
509,121,1,2,FU121,2024-09-18 13:46:14
510,109,3,2,FU128,2024-09-23 03:42:53
511,125,1,2,FU101,2024-09-18 04:32:16
512,138,3,3,FU112,2024-09-08 17:19:43
513,106,3,2,FU125,2024-09-25 11:26:35
514,134,3,1,FU107,2024-09-18 01:20:27
515,140,2,3,FU108,2024-09-08 03:19:36
516,127,2,1,FU128,2024-09-15 09:42:28
517,114,1,1,FU112,2024-09-19 00:48:03
518,137,2,1,FU105,2024-09-17 12:49:06
519,101,2,2,FU106,2024-09-23 15:19:12
520,148,2,1,FU110,2024-09-25 06:37:09
521,102,3,3,FU102,2024-09-20 12:26:29
522,135,3,3,FU112,2024-09-24 01:39:13
523,148,2,1,FU101,2024-09-10 02:33:01
524,128,2,1,FU130,2024-09-19 09:13:27
525,109,2,2,FU130,2024-09-10 23:12:39
526,141,2,2,FU129,2024-09-11 05:23:04
527,129,3,2,FU113,2024-09-20 21:16:25
528,136,1,1,FU110,2024-09-21 16:05:28
529,144,2,3,FU101,2024-09-26 02:32:40
530,142,2,2,FU120,2024-09-26 06:39:18
531,139,3,3,FU118,2024-09-24 03:07:41
532,112,3,2,FU112,2024-09-16 19:26:05
533,146,3,3,FU112,2024-09-20 17:13:30
534,119,1,1,FU114,2024-09-17 00:18:55
535,120,1,1,FU112,2024-09-15 23:17:46
536,115,2,1,FU126,2024-09-21 16:43:03
537,127,2,1,FU124,2024-09-10 08:18:28
538,139,2,1,FU110,2024-09-16 22:31:47
539,123,1,2,FU101,2024-09-12 03:35:21
540,118,1,2,FU129,2024-09-24 20:52:42
541,104,3,1,FU128,2024-09-08 23:35:03
542,138,2,2,FU126,2024-09-26 04:21:13
543,108,1,3,FU104,2024-09-24 07:35:39
544,119,1,1,FU115,2024-09-21 03:24:00
545,114,2,3,FU111,2024-09-26 02:59:15
546,129,1,3,FU117,2024-09-20 00:52:11
547,143,3,1,FU124,2024-09-10 23:48:55
548,147,3,2,FU122,2024-09-08 18:01:06
549,150,1,1,FU120,2024-09-21 10:17:56
550,135,1,3,FU115,2024-09-18 00:58:44
551,129,3,1,FU122,2024-09-17 05:23:08
552,112,3,2,FU116,2024-09-09 08:37:45
553,120,1,1,FU107,2024-09-19 00:14:55
554,134,3,1,FU120,2024-09-18 21:44:37
555,116,1,2,FU103,2024-09-20 00:40:34
556,146,1,1,FU115,2024-09-17 07:31:48
557,125,3,1,FU129,2024-09-15 23:12:10
558,128,2,2,FU106,2024-09-08 15:20:08
559,150,1,2,FU102,2024-09-19 22:29:45
560,126,1,1,FU124,2024-09-18 04:36:00
561,140,2,2,FU108,2024-09-23 18:08:52
562,128,3,2,FU123,2024-09-10 01:59:45
563,140,3,3,FU104,2024-09-18 15:28:32
564,117,1,1,FU105,2024-09-23 06:49:19
565,117,2,3,FU123,2024-09-17 10:32:44
566,102,3,3,FU128,2024-09-12 21:15:58
567,105,2,2,FU124,2024-09-09 05:00:13
568,106,2,2,FU121,2024-09-20 16:15:18
569,135,2,1,FU101,2024-09-20 08:48:43
570,103,2,3,FU115,2024-09-20 04:24:42
571,142,2,1,FU106,2024-09-20 04:01:01
572,133,2,1,FU129,2024-09-08 03:43:01
573,120,2,2,FU107,2024-09-22 03:03:27
574,102,1,2,FU122,2024-09-14 11:50:45
575,138,2,1,FU115,2024-09-23 18:41:17
576,114,3,2,FU103,2024-09-10 03:35:53
577,104,1,1,FU102,2024-09-11 11:47:01
578,116,1,3,FU108,2024-09-16 04:32:04
579,126,1,1,FU112,2024-09-17 14:04:01
580,107,1,1,FU128,2024-09-13 07:26:48
581,135,3,3,FU123,2024-09-20 15:26:47
582,110,1,1,FU120,2024-09-26 08:24:39
583,108,3,3,FU115,2024-09-17 13:21:18
584,121,3,1,FU112,2024-09-09 13:37:23
585,118,3,2,FU110,2024-09-08 20:19:28
586,149,1,1,FU113,2024-09-15 16:07:11
587,149,1,2,FU120,2024-09-11 14:10:38
588,148,1,1,FU130,2024-09-25 12:08:38
589,133,2,2,FU106,2024-09-13 11:15:10
590,109,3,3,FU131,2024-09-24 14:08:59
591,109,2,1,FU129,2024-09-13 00:59:04
592,104,3,3,FU125,2024-09-12 13:23:44
593,131,2,1,FU126,2024-09-15 20:27:54
594,126,2,2,FU101,2024-09-21 02:52:08
595,123,3,1,FU125,2024-09-09 14:34:43
596,101,1,2,FU124,2024-09-12 02:08:41
597,134,3,2,FU119,2024-09-24 21:37:55
598,111,3,2,FU103,2024-09-18 22:00:54
599,120,3,1,FU106,2024-09-23 03:11:52
600,141,3,3,FU105,2024-09-21 19:23:15
601,101,3,3,FU108,2024-09-08 15:26:22
602,108,2,1,FU117,2024-09-12 16:57:47
603,126,3,1,FU111,2024-09-19 12:30:08
604,126,2,1,FU124,2024-09-22 04:18:56
605,132,2,2,FU130,2024-09-17 21:31:19
606,135,1,2,FU106,2024-09-14 15:47:10
607,141,1,2,FU124,2024-09-10 17:58:22
608,138,1,3,FU115,2024-09-08 09:39:20
609,133,2,2,FU112,2024-09-15 13:38:08
610,145,3,3,FU111,2024-09-24 04:43:16
611,146,2,1,FU124,2024-09-12 08:40:32
612,149,3,1,FU114,2024-09-13 15:07:38
613,123,3,3,FU112,2024-09-17 00:18:23
614,113,1,3,FU115,2024-09-17 15:31:10
615,133,2,1,FU113,2024-09-21 07:18:44
616,141,2,2,FU104,2024-09-12 02:26:57
617,132,1,2,FU101,2024-09-23 08:39:58
618,129,1,3,FU123,2024-09-18 11:33:54
619,134,2,1,FU119,2024-09-20 03:02:10
620,125,1,1,FU130,2024-09-22 20:22:38
621,125,1,1,FU106,2024-09-20 11:03:48
622,124,3,3,FU119,2024-09-08 19:56:01
623,123,2,2,FU116,2024-09-15 16:06:39
624,145,2,1,FU118,2024-09-17 19:30:26
625,128,1,1,FU107,2024-09-21 20:48:26
626,130,1,1,FU131,2024-09-23 04:44:48
627,101,2,2,FU102,2024-09-25 21:16:32
628,122,3,1,FU123,2024-09-24 13:28:15
629,134,1,1,FU127,2024-09-22 20:55:37
630,148,3,2,FU104,2024-09-17 03:42:45
631,105,2,3,FU124,2024-09-14 08:53:10
632,140,2,1,FU131,2024-09-19 01:07:55
633,129,3,1,FU111,2024-09-19 20:58:24
634,143,1,1,FU105,2024-09-15 15:01:42
635,127,2,1,FU120,2024-09-19 13:26:01
636,100,1,2,FU130,2024-09-14 18:28:04
637,131,2,3,FU112,2024-09-21 07:28:34
638,137,3,1,FU123,2024-09-21 08:42:49
639,136,2,3,FU115,2024-09-24 10:12:09
640,129,3,2,FU101,2024-09-12 19:15:11
641,138,1,3,FU129,2024-09-23 10:17:43
642,138,3,3,FU124,2024-09-10 00:54:05
643,118,3,2,FU124,2024-09-22 11:24:43
644,136,1,3,FU117,2024-09-25 21:40:21
645,117,1,2,FU118,2024-09-16 01:52:00
646,145,1,3,FU124,2024-09-21 01:00:38
647,110,1,1,FU117,2024-09-09 01:50:52
648,124,3,3,FU126,2024-09-09 02:55:16
649,113,3,1,FU116,2024-09-16 23:14:26
650,109,3,3,FU111,2024-09-21 13:22:37
651,108,3,2,FU104,2024-09-25 17:06:00
652,105,2,3,FU108,2024-09-08 22:05:47
653,123,1,2,FU118,2024-09-11 08:08:56
654,120,3,1,FU108,2024-09-15 04:36:52
655,112,3,1,FU122,2024-09-22 09:16:32
656,107,3,2,FU108,2024-09-12 17:40:39
657,137,1,1,FU106,2024-09-24 21:45:45
658,136,2,2,FU122,2024-09-18 21:10:11
659,136,3,2,FU119,2024-09-21 02:24:48
660,118,3,2,FU124,2024-09-20 05:02:56
661,135,1,2,FU123,2024-09-18 06:28:13
662,144,2,3,FU130,2024-09-18 04:03:55
663,150,3,1,FU103,2024-09-10 17:38:50
664,140,1,1,FU127,2024-09-09 09:25:17
665,122,1,3,FU130,2024-09-19 07:34:16
666,126,2,1,FU122,2024-09-20 17:54:08
667,125,3,1,FU131,2024-09-11 02:46:47
668,138,3,1,FU125,2024-09-14 16:52:56
669,140,2,2,FU112,2024-09-25 21:47:42
670,148,1,2,FU113,2024-09-21 18:12:08
671,141,2,3,FU127,2024-09-08 18:24:19
672,115,1,3,FU126,2024-09-22 03:49:28
673,139,3,3,FU123,2024-09-11 23:45:04
674,147,1,3,FU117,2024-09-14 11:54:25
675,144,1,3,FU121,2024-09-23 05:02:52
676,127,1,1,FU107,2024-09-10 20:50:59
677,115,2,2,FU123,2024-09-16 18:01:10
678,132,2,3,FU130,2024-09-10 19:32:17
679,104,2,1,FU108,2024-09-24 18:17:36
680,134,1,3,FU108,2024-09-09 21:49:21
681,107,2,3,FU101,2024-09-08 17:21:24
682,119,3,3,FU130,2024-09-14 23:27:55
683,130,3,1,FU109,2024-09-17 07:28:12
684,101,2,2,FU102,2024-09-22 22:14:47
685,138,1,2,FU122,2024-09-23 10:35:53
686,126,2,2,FU102,2024-09-11 06:52:13
687,111,1,3,FU126,2024-09-15 10:15:55
688,108,1,2,FU110,2024-09-18 04:28:13
689,135,1,3,FU129,2024-09-15 21:15:11
690,102,1,1,FU124,2024-09-26 06:08:17
691,124,1,2,FU101,2024-09-13 18:36:41
692,111,3,1,FU129,2024-09-16 18:05:12
693,112,3,3,FU131,2024-09-17 14:41:44
694,128,2,2,FU105,2024-09-13 09:32:25
695,123,3,3,FU119,2024-09-10 08:26:04
696,148,3,2,FU121,2024-09-20 08:14:18
697,115,1,3,FU115,2024-09-23 04:44:49
698,108,1,3,FU126,2024-09-26 04:07:44
699,125,2,3,FU108,2024-09-20 07:53:05
700,133,2,3,FU108,2024-09-08 12:10:32
701,110,2,2,FU101,2024-09-26 01:48:28
702,139,1,1,FU109,2024-09-14 03:24:26
703,140,1,1,FU125,2024-09-24 08:11:09
704,127,2,2,FU115,2024-09-08 19:44:16
705,131,1,2,FU106,2024-09-16 17:41:29
706,135,2,3,FU121,2024-09-22 09:07:50
707,118,2,3,FU119,2024-09-15 19:39:17
708,115,2,3,FU103,2024-09-11 03:46:49
709,143,1,3,FU108,2024-09-09 19:58:46
710,141,1,3,FU125,2024-09-19 09:34:20
711,102,3,3,FU102,2024-09-23 10:30:27
712,146,3,2,FU129,2024-09-26 02:20:28
713,105,2,2,FU121,2024-09-16 23:36:50
714,101,1,2,FU111,2024-09-23 10:39:39
715,137,1,3,FU117,2024-09-13 16:04:15
716,112,1,1,FU131,2024-09-16 16:59:25
717,146,3,3,FU111,2024-09-24 14:22:04
718,123,3,3,FU117,2024-09-13 05:07:19
719,121,3,2,FU111,2024-09-12 09:51:43
720,107,1,2,FU115,2024-09-08 13:06:39
721,105,2,2,FU129,2024-09-17 23:18:15
722,109,2,3,FU129,2024-09-20 20:23:44
723,109,2,3,FU121,2024-09-21 19:35:21
724,149,3,1,FU110,2024-09-21 12:15:33
725,112,2,3,FU101,2024-09-20 14:37:30
726,123,1,3,FU107,2024-09-08 14:15:56
727,105,1,3,FU118,2024-09-24 10:52:53
728,141,2,2,FU106,2024-09-26 04:16:49
729,106,2,2,FU129,2024-09-13 19:08:13
730,124,1,3,FU114,2024-09-17 10:58:11
731,143,2,2,FU123,2024-09-26 08:58:01
732,106,1,2,FU114,2024-09-10 01:56:49
733,117,2,2,FU111,2024-09-18 19:12:17
734,147,2,3,FU116,2024-09-25 18:25:19
735,112,2,1,FU131,2024-09-15 04:50:14
736,117,2,1,FU111,2024-09-08 08:55:02
737,122,3,2,FU115,2024-09-23 06:20:42
738,111,2,2,FU119,2024-09-20 06:48:57
739,103,3,1,FU109,2024-09-25 20:50:44
740,131,1,1,FU128,2024-09-19 08:34:58
741,108,1,3,FU103,2024-09-20 12:35:47
742,120,2,3,FU119,2024-09-19 13:32:00
743,126,2,3,FU103,2024-09-08 14:50:37
744,105,1,1,FU109,2024-09-08 14:25:40
745,100,3,2,FU113,2024-09-12 19:39:04
746,106,1,3,FU108,2024-09-08 19:08:14
747,135,1,1,FU113,2024-09-24 19:05:20
748,147,2,3,FU101,2024-09-11 04:27:51
749,116,3,2,FU109,2024-09-08 14:32:14
750,107,1,1,FU120,2024-09-20 09:02:17
751,137,1,2,FU103,2024-09-11 20:11:25
752,134,2,2,FU129,2024-09-13 14:21:34
753,100,2,3,FU125,2024-09-23 06:10:45
754,148,3,1,FU126,2024-09-19 09:57:05
755,134,3,3,FU127,2024-09-14 23:53:24
756,148,3,1,FU103,2024-09-20 05:04:41
757,112,3,2,FU104,2024-09-25 12:24:59
758,103,2,1,FU129,2024-09-10 08:32:15
759,129,1,3,FU128,2024-09-25 03:36:48
760,136,1,1,FU105,2024-09-23 13:20:04
761,122,1,3,FU103,2024-09-10 05:30:25
762,139,2,2,FU125,2024-09-11 03:22:11
763,110,2,2,FU119,2024-09-09 22:55:33
764,132,2,2,FU103,2024-09-21 14:43:22
765,150,2,2,FU101,2024-09-09 11:44:04
766,126,3,1,FU110,2024-09-12 00:57:58
767,146,3,1,FU131,2024-09-09 08:49:29
768,107,2,1,FU118,2024-09-18 02:15:22
769,112,1,1,FU117,2024-09-09 11:20:25
770,148,1,1,FU115,2024-09-24 01:11:05
771,149,2,3,FU114,2024-09-12 05:49:08
772,132,3,2,FU123,2024-09-18 09:36:27
773,138,2,1,FU131,2024-09-16 08:23:41
774,134,1,3,FU116,2024-09-22 11:07:08
775,127,1,2,FU114,2024-09-12 00:47:41
776,141,1,2,FU112,2024-09-24 04:26:58
777,127,3,3,FU126,2024-09-20 07:37:41
778,135,2,3,FU108,2024-09-18 23:22:48
779,147,3,1,FU116,2024-09-18 02:06:31
780,120,3,2,FU116,2024-09-20 14:34:41
781,145,1,2,FU120,2024-09-15 07:05:17
782,149,1,1,FU131,2024-09-18 08:01:59
783,125,2,2,FU107,2024-09-24 14:56:36
784,124,1,1,FU106,2024-09-14 11:50:58
785,125,3,3,FU103,2024-09-14 13:03:41
786,114,2,3,FU117,2024-09-23 00:31:01
787,132,1,2,FU123,2024-09-22 22:48:22
788,102,2,3,FU101,2024-09-25 19:43:44
789,108,2,1,FU114,2024-09-08 13:48:36
790,139,2,3,FU110,2024-09-12 20:31:16
791,123,3,3,FU113,2024-09-12 16:07:26
792,122,2,3,FU101,2024-09-19 12:34:53
793,127,3,3,FU117,2024-09-23 06:56:01
794,135,2,3,FU116,2024-09-21 20:40:42
795,109,3,3,FU110,2024-09-13 14:57:59
796,142,1,3,FU113,2024-09-19 03:57:32
797,134,3,1,FU115,2024-09-14 14:19:33
798,104,1,3,FU114,2024-09-13 03:48:07
799,113,1,1,FU112,2024-09-14 13:39:58
800,134,3,3,FU116,2024-09-20 07:35:29
801,118,1,3,FU115,2024-09-17 08:50:38
802,103,1,2,FU124,2024-09-25 07:11:12
803,138,2,3,FU124,2024-09-25 11:37:00
804,107,3,1,FU111,2024-09-19 04:52:37
805,150,3,3,FU105,2024-09-25 00:26:53
806,106,1,3,FU128,2024-09-17 00:35:58
807,149,2,2,FU113,2024-09-23 09:09:22
808,120,1,1,FU107,2024-09-15 23:48:22
809,130,3,1,FU119,2024-09-24 21:51:22
810,147,2,3,FU130,2024-09-26 04:39:33
811,131,1,3,FU114,2024-09-24 19:25:45
812,144,2,2,FU103,2024-09-10 08:51:35
813,128,1,3,FU103,2024-09-10 04:01:55
814,126,2,3,FU102,2024-09-08 00:52:55
815,143,1,1,FU129,2024-09-25 09:55:56
816,129,2,1,FU116,2024-09-19 07:31:45
817,128,3,2,FU111,2024-09-17 12:47:26
818,131,1,1,FU120,2024-09-15 18:34:09
819,139,2,2,FU117,2024-09-14 09:13:08
820,127,2,2,FU107,2024-09-24 18:33:02
821,103,3,1,FU101,2024-09-23 20:22:43
822,139,1,3,FU127,2024-09-11 19:45:13
823,106,3,3,FU117,2024-09-23 09:29:07
824,101,2,2,FU125,2024-09-12 02:08:04
825,137,3,2,FU126,2024-09-18 19:20:13
826,138,1,1,FU124,2024-09-10 22:17:14
827,125,1,3,FU115,2024-09-11 17:02:02
828,130,3,1,FU111,2024-09-15 15:16:48
829,123,1,1,FU103,2024-09-19 01:34:52
830,100,2,3,FU131,2024-09-11 04:40:55
831,142,1,1,FU102,2024-09-12 17:13:12
832,134,2,3,FU111,2024-09-21 11:19:24
833,119,3,3,FU119,2024-09-21 22:35:56
834,112,3,3,FU124,2024-09-08 04:25:22
835,115,2,1,FU123,2024-09-11 04:36:06
836,148,3,2,FU101,2024-09-23 06:38:42
837,139,3,2,FU104,2024-09-14 18:46:13
838,112,1,2,FU110,2024-09-18 17:39:58
839,124,2,2,FU101,2024-09-11 02:18:19
840,119,2,3,FU110,2024-09-11 07:23:24
841,150,1,2,FU110,2024-09-11 07:17:00
842,120,3,3,FU106,2024-09-09 22:54:32
843,115,1,1,FU131,2024-09-10 09:28:51
844,101,3,1,FU108,2024-09-24 15:40:38
845,120,3,2,FU131,2024-09-25 04:20:06
846,133,2,1,FU123,2024-09-08 05:49:06
847,129,3,1,FU110,2024-09-25 14:57:40
848,136,1,3,FU109,2024-09-18 22:54:06
849,123,2,3,FU103,2024-09-12 11:34:13
850,121,3,2,FU101,2024-09-19 06:07:29
851,132,1,2,FU131,2024-09-18 12:50:24
852,121,2,3,FU104,2024-09-09 06:16:29
853,117,1,2,FU126,2024-09-09 16:05:27
854,123,2,1,FU127,2024-09-24 03:02:17
855,107,2,2,FU124,2024-09-24 14:17:54
856,143,3,3,FU105,2024-09-10 13:15:16
857,146,1,2,FU121,2024-09-24 04:09:14
858,107,2,3,FU123,2024-09-22 23:29:41
859,130,2,2,FU109,2024-09-12 10:48:06
860,106,3,1,FU112,2024-09-19 02:40:10
861,150,3,1,FU129,2024-09-21 03:26:36
862,148,2,3,FU116,2024-09-23 21:37:23
863,142,2,2,FU129,2024-09-09 18:36:41
864,118,1,2,FU124,2024-09-19 19:38:10
865,124,3,1,FU131,2024-09-16 19:24:51
866,104,3,3,FU131,2024-09-15 07:28:49
867,136,1,1,FU120,2024-09-19 18:10:28
868,128,3,1,FU118,2024-09-25 04:07:18
869,106,2,2,FU104,2024-09-09 17:39:58
870,144,1,1,FU124,2024-09-18 12:49:28
871,143,2,2,FU127,2024-09-09 02:00:23
872,133,3,1,FU103,2024-09-21 21:20:42
873,113,2,2,FU125,2024-09-14 03:15:22
874,126,1,1,FU115,2024-09-26 02:28:27
875,139,1,1,FU111,2024-09-09 06:44:25
876,140,2,3,FU114,2024-09-11 18:25:00
877,124,2,1,FU128,2024-09-25 21:17:46
878,127,1,1,FU116,2024-09-21 05:26:09
879,139,1,3,FU105,2024-09-21 13:53:42
880,147,1,3,FU112,2024-09-15 11:31:43
881,118,2,1,FU107,2024-09-17 14:57:07
882,123,1,1,FU121,2024-09-24 09:17:57
883,133,3,3,FU113,2024-09-17 03:39:00
884,103,3,1,FU122,2024-09-18 14:19:48
885,106,3,3,FU102,2024-09-24 16:18:06
886,130,1,2,FU116,2024-09-08 19:16:43
887,133,3,1,FU105,2024-09-14 11:41:02
888,148,3,2,FU127,2024-09-23 01:31:13
889,140,3,3,FU103,2024-09-08 20:26:16
890,139,3,1,FU104,2024-09-22 02:44:45
891,117,2,2,FU122,2024-09-16 01:42:18
892,121,2,2,FU131,2024-09-15 02:28:22
893,145,2,1,FU113,2024-09-16 05:16:09
894,118,2,2,FU120,2024-09-18 19:13:46
895,125,3,3,FU126,2024-09-09 06:44:10
896,112,1,3,FU128,2024-09-18 18:27:43
897,113,1,3,FU127,2024-09-09 20:10:29
898,117,2,1,FU115,2024-09-09 09:33:23
899,107,3,1,FU105,2024-09-17 12:27:49
900,148,1,1,FU102,2024-09-11 23:26:56
901,105,1,1,FU128,2024-09-24 00:24:52
902,137,1,2,FU113,2024-09-20 17:42:43
903,129,2,2,FU102,2024-09-25 13:02:06
904,107,3,3,FU121,2024-09-10 11:02:29
905,132,3,3,FU107,2024-09-11 14:50:45
906,112,2,3,FU131,2024-09-23 16:13:24
907,128,3,2,FU126,2024-09-24 22:52:50
908,140,2,2,FU108,2024-09-25 02:22:22
909,142,1,3,FU128,2024-09-22 09:36:42
910,101,2,3,FU123,2024-09-09 08:11:39
911,146,3,3,FU129,2024-09-24 02:38:15
912,140,2,2,FU121,2024-09-18 00:17:52
913,134,2,2,FU106,2024-09-09 19:14:39
914,113,3,2,FU107,2024-09-15 01:56:43
915,118,2,3,FU114,2024-09-08 07:27:46
916,100,3,3,FU123,2024-09-18 10:28:33
917,106,1,3,FU128,2024-09-26 04:53:02
918,102,2,3,FU102,2024-09-25 23:11:49
919,150,2,1,FU107,2024-09-12 23:54:32
920,101,3,1,FU107,2024-09-11 14:15:44
921,113,3,1,FU105,2024-09-11 09:57:37
922,137,2,2,FU116,2024-09-09 23:21:10
923,147,2,2,FU110,2024-09-25 08:22:03
924,130,1,1,FU111,2024-09-25 13:17:40
925,144,2,1,FU124,2024-09-18 13:11:04
926,119,3,3,FU113,2024-09-20 01:17:19
927,120,1,2,FU126,2024-09-08 02:59:21
928,131,3,2,FU112,2024-09-22 19:07:46
929,114,3,1,FU104,2024-09-24 13:05:27
930,129,3,3,FU126,2024-09-17 12:56:27
931,137,3,3,FU102,2024-09-08 13:19:19
932,102,1,2,FU105,2024-09-18 18:48:47
933,102,1,1,FU123,2024-09-14 00:52:39
934,145,1,1,FU102,2024-09-15 08:41:47
935,119,3,2,FU120,2024-09-24 21:20:20
936,103,2,3,FU121,2024-09-22 06:44:28
937,107,2,1,FU125,2024-09-14 05:33:14
938,120,1,1,FU107,2024-09-21 19:53:30
939,121,3,3,FU127,2024-09-08 22:56:32
940,149,1,1,FU126,2024-09-16 11:13:23
941,141,1,2,FU106,2024-09-20 19:43:39
942,131,2,1,FU110,2024-09-13 03:34:03
943,147,2,1,FU120,2024-09-13 11:02:15
944,118,1,1,FU103,2024-09-24 18:29:17
945,109,3,2,FU125,2024-09-11 21:53:38
946,142,1,1,FU124,2024-09-18 23:04:56
947,141,2,3,FU103,2024-09-16 11:09:32
948,118,3,2,FU120,2024-09-08 20:27:57
949,141,1,2,FU112,2024-09-12 06:08:00
950,143,3,2,FU123,2024-09-22 21:10:22
951,102,3,1,FU131,2024-09-22 09:44:30
952,146,2,2,FU131,2024-09-22 13:47:01
953,122,1,3,FU118,2024-09-18 21:58:12
954,109,3,2,FU121,2024-09-25 16:44:49
955,136,1,1,FU107,2024-09-19 23:23:38
956,116,2,3,FU122,2024-09-09 00:01:25
957,121,3,2,FU129,2024-09-17 05:39:52
958,121,3,1,FU119,2024-09-13 02:25:48
959,143,3,3,FU108,2024-09-18 18:55:50
960,141,3,1,FU129,2024-09-08 10:38:38
961,148,1,3,FU111,2024-09-25 06:52:53
962,143,3,1,FU106,2024-09-14 07:34:12
963,102,1,2,FU104,2024-09-21 15:06:44
964,112,3,2,FU110,2024-09-24 12:42:26
965,107,3,3,FU124,2024-09-19 03:20:38
966,127,3,3,FU116,2024-09-23 05:14:37
967,122,1,1,FU113,2024-09-21 05:46:25
968,116,3,2,FU114,2024-09-20 13:54:05
969,121,2,3,FU109,2024-09-19 04:41:21
970,147,2,1,FU110,2024-09-15 15:17:56
971,141,2,3,FU108,2024-09-08 05:55:04
972,125,2,3,FU105,2024-09-08 17:17:32
973,132,1,2,FU104,2024-09-21 23:23:23
974,107,1,1,FU113,2024-09-18 23:50:30
975,144,3,2,FU110,2024-09-11 01:24:10
976,126,2,3,FU126,2024-09-11 05:39:50
977,120,2,1,FU117,2024-09-21 16:39:11
978,116,1,3,FU102,2024-09-12 18:36:09
979,123,3,1,FU124,2024-09-12 21:11:32
980,145,2,2,FU106,2024-09-13 18:25:26
981,148,2,2,FU108,2024-09-25 16:44:49
982,116,3,3,FU125,2024-09-13 05:46:27
983,100,1,3,FU110,2024-09-14 21:32:56
984,139,2,3,FU114,2024-09-24 12:25:54
985,120,1,3,FU103,2024-09-17 13:13:22
986,135,2,1,FU107,2024-09-24 05:56:45
987,115,1,1,FU127,2024-09-16 22:33:44
988,110,3,1,FU115,2024-09-10 15:53:38
989,143,2,3,FU114,2024-09-14 01:00:25
990,142,1,2,FU127,2024-09-11 12:55:25
991,108,2,3,FU121,2024-09-09 06:42:09
992,133,1,2,FU124,2024-09-16 15:50:18
993,120,1,1,FU131,2024-09-23 19:15:26
994,135,2,3,FU109,2024-09-22 22:32:08
995,105,2,2,FU114,2024-09-25 12:22:36
996,109,1,1,FU130,2024-09-23 06:15:57
997,140,2,2,FU112,2024-09-25 03:24:53
998,108,2,3,FU118,2024-09-11 12:31:16
999,138,3,2,FU112,2024-09-08 16:56:33
1000,142,2,2,FU119,2024-09-18 18:58:03
