id,order_id,item_id,quantity
1,311,11,2
2,132,3,1
3,759,10,3
4,977,5,2
5,899,1,3
6,462,6,2
7,510,7,1
8,634,4,3
9,512,5,2
10,85,3,1
11,376,4,1
12,350,4,2
13,722,11,3
14,129,7,1
15,587,9,1
16,497,6,1
17,857,1,2
18,860,5,1
19,613,4,2
20,749,4,2
21,101,8,2
22,251,5,3
23,972,10,3
24,532,6,3
25,732,11,1
26,726,8,3
27,846,2,1
28,675,6,2
29,129,1,2
30,826,3,2
31,651,11,2
32,355,4,1
33,863,4,3
34,87,6,2
35,973,7,3
36,923,1,3
37,416,1,1
38,435,2,3
39,200,3,3
40,547,3,2
41,905,10,2
42,718,1,1
43,631,9,2
44,268,2,1
45,317,7,3
46,684,2,3
47,54,9,2
48,159,2,1
49,967,4,3
50,846,8,2
51,989,4,3
52,141,2,2
53,757,7,3
54,790,6,1
55,907,11,2
56,155,3,1
57,997,10,2
58,128,4,1
59,546,7,1
60,45,2,1
61,149,11,1
62,162,10,1
63,17,1,1
64,696,3,1
65,402,5,1
66,891,7,3
67,598,1,1
68,177,2,3
69,321,10,3
70,452,10,2
71,316,4,1
72,717,2,2
73,862,7,2
74,533,1,1
75,566,9,2
76,614,4,1
77,72,1,1
78,73,1,3
79,386,8,3
80,163,11,2
81,749,10,2
82,33,8,3
83,260,9,1
84,847,2,2
85,451,5,3
86,951,4,1
87,854,11,3
88,653,8,2
89,274,8,3
90,50,1,2
91,842,2,1
92,872,6,1
93,163,11,3
94,976,2,2
95,314,7,1
96,796,7,2
97,674,5,2
98,967,5,3
99,579,1,2
100,184,10,3
101,440,4,1
102,275,2,3
103,58,5,3
104,83,8,1
105,152,2,1
106,625,2,2
107,728,9,3
108,677,7,2
109,630,2,2
110,862,8,1
111,101,4,3
112,271,11,2
113,961,4,1
114,119,7,2
115,688,9,3
116,235,5,2
117,544,11,1
118,698,10,1
119,67,5,1
120,3,2,1
121,591,3,1
122,767,7,2
123,976,3,3
124,261,10,3
125,60,4,2
126,558,4,1
127,215,8,2
128,503,8,2
129,763,3,3
130,908,1,3
131,370,5,1
132,846,4,1
133,813,9,2
134,698,1,2
135,733,8,1
136,235,4,1
137,119,5,2
138,385,9,3
139,881,9,2
140,540,6,1
141,654,11,1
142,505,1,2
143,730,8,2
144,640,6,2
145,914,8,3
146,972,9,3
147,193,5,3
148,267,3,1
149,352,5,3
150,71,5,3
151,59,6,2
152,968,6,3
153,676,10,3
154,118,9,2
155,786,7,3
156,353,10,3
157,234,7,3
158,946,5,3
159,976,3,2
160,698,4,1
161,747,6,1
162,359,3,1
163,625,10,3
164,886,9,2
165,676,5,1
166,1,9,1
167,541,11,2
168,108,5,3
169,522,6,2
170,49,1,3
171,338,3,3
172,755,1,3
173,235,5,3
174,378,2,2
175,550,4,3
176,619,6,2
177,536,3,3
178,650,4,1
179,802,2,2
180,726,1,3
181,890,3,3
182,425,2,3
183,679,8,3
184,692,11,2
185,346,8,1
186,490,7,1
187,150,11,2
188,825,5,3
189,335,5,3
190,823,11,2
191,377,6,1
192,279,6,2
193,455,2,2
194,979,6,2
195,440,3,2
196,716,7,3
197,820,11,3
198,592,5,3
199,668,9,2
200,347,11,1
201,257,7,1
202,814,9,1
203,359,9,3
204,96,10,2
205,55,7,2
206,16,8,3
207,899,8,3
208,272,8,2
209,867,3,3
210,502,8,1
211,779,9,2
212,302,6,3
213,446,5,3
214,582,1,1
215,350,2,2
216,63,6,1
217,355,4,2
218,783,10,2
219,707,7,2
220,15,4,2
221,579,1,1
222,543,2,3
223,652,5,3
224,746,6,2
225,413,6,2
226,918,6,1
227,694,10,3
228,66,7,1
229,560,2,1
230,347,8,2
231,853,1,2
232,417,1,2
233,92,11,1
234,400,11,2
235,223,5,1
236,808,5,3
237,574,11,3
238,299,1,1
239,961,2,2
240,64,1,2
241,299,10,1
242,512,4,3
243,475,3,1
244,83,9,3
245,667,1,3
246,452,6,2
247,614,10,3
248,83,9,3
249,534,1,3
250,156,6,2
251,595,7,2
252,626,7,2
253,672,3,3
254,743,5,2
255,97,6,3
256,209,5,2
257,407,2,2
258,348,3,1
259,502,7,2
260,93,5,1
261,336,4,3
262,317,9,3
263,220,6,2
264,952,4,2
265,44,7,2
266,684,5,3
267,475,9,3
268,310,7,1
269,315,4,3
270,605,10,2
271,442,5,3
272,436,6,2
273,456,2,3
274,697,4,2
275,213,9,2
276,739,7,3
277,884,3,1
278,79,8,2
279,997,5,1
280,670,1,1
281,921,5,2
282,713,5,2
283,611,6,1
284,544,2,2
285,945,11,2
286,333,9,2
287,899,8,1
288,4,2,3
289,563,1,1
290,302,7,2
291,948,10,2
292,473,4,3
293,403,9,3
294,796,4,2
295,713,1,2
296,597,9,3
297,787,5,1
298,316,2,3
299,167,5,2
300,468,8,1
301,353,7,2
302,179,8,2
303,483,5,3
304,765,10,2
305,521,1,1
306,53,2,1
307,363,1,3
308,201,4,3
309,317,8,1
310,851,1,2
311,888,6,3
312,387,9,1
313,177,8,1
314,395,5,2
315,796,3,3
316,177,11,1
317,738,4,3
318,541,4,2
319,79,8,3
320,887,4,2
321,827,2,2
322,346,7,1
323,658,5,3
324,37,2,2
325,436,5,1
326,357,9,3
327,612,2,2
328,386,10,1
329,438,7,1
330,958,9,2
331,727,5,2
332,566,8,1
333,525,8,3
334,546,10,2
335,810,11,3
336,734,11,1
337,751,7,2
338,617,5,3
339,134,10,2
340,570,3,3
341,229,1,1
342,552,9,1
343,68,1,2
344,138,4,1
345,72,4,1
346,771,10,3
347,408,4,3
348,302,9,2
349,265,10,3
350,202,7,1
351,63,3,2
352,88,7,1
353,988,3,1
354,482,11,2
355,966,4,3
356,490,9,3
357,63,10,3
358,104,7,2
359,232,2,1
360,562,5,1
361,167,2,1
362,595,10,2
363,383,3,2
364,251,1,1
365,451,5,2
366,337,7,3
367,151,6,1
368,111,6,2
369,892,3,3
370,386,9,2
371,149,6,3
372,418,7,3
373,102,5,3
374,132,1,1
375,218,5,2
376,750,10,1
377,884,6,1
378,878,11,2
379,494,10,3
380,96,8,2
381,166,11,3
382,268,2,1
383,892,11,2
384,674,1,1
385,306,4,3
386,18,11,3
387,582,6,1
388,963,8,2
389,521,5,1
390,93,6,2
391,941,2,2
392,146,4,1
393,175,3,3
394,860,9,2
395,282,1,1
396,109,6,3
397,596,2,2
398,749,7,2
399,230,3,1
400,15,5,3
401,16,9,3
402,129,8,2
403,683,7,1
404,603,4,1
405,811,10,1
406,332,9,2
407,715,2,1
408,89,7,3
409,18,3,2
410,208,10,2
411,279,8,2
412,321,7,2
413,771,9,2
414,682,9,1
415,621,3,1
416,172,11,2
417,680,8,2
418,262,5,2
419,610,6,3
420,453,10,3
421,695,9,2
422,971,11,3
423,992,7,1
424,701,4,1
425,393,6,2
426,569,1,1
427,107,2,1
428,800,3,2
429,120,4,3
430,620,10,1
431,888,3,1
432,963,5,3
433,506,10,3
434,642,11,2
435,293,3,2
436,476,10,3
437,380,6,2
438,964,11,2
439,379,10,2
440,248,2,2
441,625,9,1
442,410,7,2
443,976,11,3
444,727,6,1
445,602,8,3
446,923,5,3
447,591,5,3
448,47,1,1
449,585,6,1
450,671,11,1
451,756,4,3
452,453,11,2
453,117,4,3
454,961,1,3
455,280,4,1
456,265,2,1
457,865,8,3
458,562,3,1
459,54,11,3
460,246,4,1
461,912,4,1
462,631,4,2
463,183,7,2
464,733,7,3
465,776,2,3
466,159,10,3
467,37,4,1
468,36,7,3
469,918,4,3
470,907,9,1
471,699,2,1
472,691,5,3
473,428,8,2
474,184,8,1
475,399,4,1
476,456,11,1
477,976,10,2
478,244,8,3
479,50,4,3
480,52,3,1
481,343,11,2
482,5,3,2
483,821,5,2
484,343,9,2
485,941,10,3
486,855,3,3
487,830,2,3
488,524,6,2
489,758,11,2
490,971,1,1
491,524,11,2
492,399,7,3
493,737,6,1
494,454,7,1
495,848,1,3
496,276,1,1
497,992,11,1
498,26,9,2
499,292,2,1
500,145,1,2
501,538,7,2
502,523,4,1
503,244,2,1
504,913,11,3
505,905,11,1
506,862,2,1
507,199,10,1
508,560,3,1
509,279,11,1
510,739,6,1
511,82,10,1
512,571,11,3
513,762,8,3
514,381,9,1
515,704,9,1
516,655,7,2
517,37,2,2
518,356,2,3
519,482,7,1
520,229,4,1
521,702,8,3
522,207,6,1
523,154,9,1
524,229,11,1
525,385,10,1
526,296,8,2
527,998,11,2
528,641,2,1
529,917,4,1
530,501,4,2
531,130,7,1
532,275,1,3
533,819,10,2
534,741,2,2
535,129,7,2
536,875,10,2
537,90,5,2
538,490,11,2
539,265,11,3
540,814,1,3
541,493,5,3
542,949,5,3
543,86,3,1
544,667,3,2
545,240,8,2
546,438,1,2
547,13,3,2
548,629,7,3
549,137,6,2
550,836,1,1
551,901,11,3
552,891,11,2
553,28,1,2
554,576,10,1
555,61,2,2
556,215,4,2
557,661,10,3
558,363,4,1
559,232,10,1
560,105,7,3
561,390,2,1
562,586,6,1
563,876,2,1
564,326,7,1
565,393,3,2
566,288,2,3
567,760,1,2
568,471,11,3
569,975,2,3
570,320,6,3
571,925,10,3
572,720,3,2
573,786,1,1
574,749,1,2
575,829,6,3
576,525,2,2
577,311,2,2
578,607,4,2
579,527,9,3
580,842,11,1
581,107,3,2
582,17,8,3
583,135,10,2
584,416,3,2
585,486,8,3
586,292,1,1
587,630,5,3
588,671,3,1
589,294,11,1
590,113,8,3
591,604,5,1
592,733,5,2
593,810,3,1
594,77,2,1
595,888,6,3
596,86,11,3
597,701,1,2
598,919,10,2
599,933,2,3
600,915,7,1
601,933,3,3
602,112,11,3
603,816,6,3
604,825,6,3
605,544,8,1
606,680,3,3
607,974,2,1
608,462,2,3
609,840,6,2
610,406,7,2
611,751,6,2
612,810,2,2
613,192,11,2
614,702,11,2
615,465,7,3
616,188,11,3
617,260,6,3
618,825,7,1
619,308,7,3
620,249,3,2
621,808,8,3
622,502,6,3
623,78,2,1
624,816,8,2
625,87,7,1
626,390,10,2
627,630,11,2
628,89,9,3
629,10,2,2
630,478,10,2
631,603,10,2
632,256,7,1
633,220,10,1
634,865,1,3
635,746,11,1
636,92,8,3
637,43,8,3
638,174,8,3
639,746,2,1
640,804,1,1
641,450,10,1
642,908,5,2
643,423,4,2
644,324,2,3
645,961,6,3
646,954,8,1
647,286,8,2
648,682,3,2
649,510,8,3
650,85,2,1
651,899,2,1
652,890,11,3
653,248,7,2
654,506,5,3
655,997,4,1
656,576,5,2
657,325,1,2
658,758,10,1
659,128,2,1
660,879,4,2
661,776,4,1
662,321,10,1
663,523,1,3
664,345,5,1
665,375,9,3
666,314,7,1
667,724,5,3
668,474,5,3
669,61,7,1
670,541,7,1
671,919,1,1
672,435,3,3
673,725,5,1
674,487,6,2
675,682,2,1
676,385,11,1
677,155,6,2
678,171,10,2
679,795,11,1
680,582,8,2
681,975,4,3
682,537,4,2
683,540,3,1
684,784,2,2
685,733,1,2
686,541,9,1
687,697,11,3
688,458,9,1
689,730,3,2
690,699,7,2
691,444,1,3
692,560,2,3
693,944,3,2
694,897,5,1
695,411,6,2
696,917,5,3
697,553,1,1
698,144,7,1
699,291,10,1
700,432,6,3
701,927,6,3
702,559,6,2
703,534,3,3
704,273,2,2
705,882,4,1
706,398,4,3
707,716,10,3
708,930,2,2
709,75,10,2
710,30,5,2
711,901,5,3
712,354,7,2
713,158,2,1
714,131,4,1
715,948,4,3
716,248,4,3
717,840,5,2
718,708,7,1
719,110,2,1
720,270,2,1
721,446,3,2
722,933,6,2
723,595,11,2
724,406,11,1
725,806,8,2
726,300,6,1
727,583,8,3
728,593,8,1
729,592,11,2
730,183,6,3
731,328,9,3
732,891,11,3
733,506,11,2
734,673,1,1
735,813,6,2
736,190,4,3
737,518,3,2
738,111,3,1
739,79,1,3
740,537,10,3
741,49,11,1
742,327,6,3
743,914,6,2
744,496,4,3
745,527,7,1
746,623,6,3
747,236,10,3
748,408,4,2
749,491,10,2
750,93,9,3
751,438,2,3
752,240,11,3
753,846,6,2
754,61,6,2
755,589,5,2
756,400,4,3
757,726,4,2
758,797,10,2
759,428,2,2
760,410,2,1
761,129,6,2
762,437,10,1
763,430,10,1
764,387,5,3
765,683,1,3
766,221,10,3
767,540,2,3
768,328,1,3
769,306,2,1
770,629,8,1
771,215,8,1
772,61,1,2
773,373,1,2
774,463,3,2
775,480,11,3
776,857,3,3
777,774,10,1
778,846,8,1
779,750,1,3
780,96,6,2
781,227,5,1
782,594,11,3
783,455,11,3
784,854,8,1
785,879,11,1
786,611,10,1
787,913,9,3
788,239,4,1
789,405,1,2
790,394,11,3
791,323,3,1
792,8,4,3
793,855,6,2
794,641,9,3
795,579,9,2
796,825,9,2
797,154,5,2
798,328,1,3
799,620,4,1
800,818,10,2
801,231,3,2
802,835,10,3
803,790,9,1
804,820,9,3
805,80,10,2
806,486,4,3
807,966,7,1
808,218,3,3
809,498,7,2
810,265,3,2
811,891,3,3
812,363,4,3
813,978,8,2
814,225,9,3
815,907,7,1
816,632,7,1
817,352,9,2
818,643,3,1
819,843,8,3
820,379,10,1
821,37,11,1
822,611,8,1
823,537,4,1
824,630,11,1
825,772,3,3
826,502,9,1
827,699,1,1
828,280,11,3
829,516,11,1
830,838,6,3
831,346,4,3
832,511,1,3
833,640,8,2
834,933,2,2
835,606,5,2
836,955,6,1
837,456,1,3
838,449,11,3
839,280,7,1
840,632,2,3
841,233,6,3
842,527,9,2
843,894,3,3
844,259,1,3
845,709,5,2
846,497,5,3
847,631,10,1
848,699,11,2
849,466,11,1
850,157,2,1
851,31,6,1
852,399,4,3
853,29,5,2
854,5,10,3
855,991,10,3
856,856,3,2
857,73,9,1
858,476,7,3
859,872,11,1
860,282,10,3
861,179,4,3
862,981,11,1
863,868,6,1
864,268,4,3
865,466,4,1
866,897,4,1
867,71,8,2
868,246,11,1
869,748,6,1
870,706,6,2
871,588,2,2
872,629,2,1
873,22,6,3
874,34,2,3
875,684,5,1
876,466,9,3
877,162,6,1
878,940,9,1
879,599,2,1
880,561,8,2
881,982,1,2
882,150,5,3
883,815,10,3
884,826,8,1
885,653,11,3
886,619,2,3
887,37,7,3
888,868,11,2
889,117,3,1
890,261,7,3
891,522,10,2
892,428,5,2
893,919,11,2
894,514,9,2
895,91,8,2
896,360,10,2
897,815,11,3
898,839,4,3
899,915,10,1
900,951,1,3
901,218,5,1
902,406,11,3
903,782,8,2
904,3,9,3
905,649,5,2
906,546,5,1
907,801,10,1
908,977,4,2
909,765,3,2
910,451,8,3
911,463,11,1
912,345,11,1
913,599,6,2
914,176,9,2
915,874,9,2
916,599,7,2
917,380,2,1
918,23,4,2
919,32,8,3
920,596,5,1
921,953,5,2
922,930,4,3
923,565,4,2
924,613,4,1
925,205,1,2
926,965,1,2
927,156,8,1
928,466,10,1
929,819,4,2
930,874,1,2
931,669,8,1
932,335,4,2
933,861,7,3
934,92,3,2
935,744,3,3
936,359,9,1
937,275,8,2
938,755,2,3
939,156,8,1
940,162,11,2
941,318,9,2
942,211,11,1
943,906,5,2
944,553,8,1
945,890,5,3
946,761,8,3
947,260,11,3
948,533,1,3
949,403,4,3
950,82,2,3
951,169,1,2
952,14,1,3
953,303,7,3
954,658,2,3
955,181,6,2
956,984,4,2
957,70,10,3
958,821,3,3
959,126,11,1
960,413,2,1
961,44,11,1
962,610,1,2
963,964,1,1
964,55,11,3
965,916,11,3
966,447,5,3
967,703,2,3
968,772,3,1
969,774,4,1
970,990,1,2
971,577,9,3
972,714,1,1
973,798,2,2
974,662,10,2
975,203,8,1
976,717,4,1
977,608,8,3
978,931,6,1
979,595,8,1
980,936,1,1
981,601,3,1
982,509,5,2
983,185,8,3
984,645,11,1
985,879,11,2
986,360,4,2
987,953,4,2
988,453,2,3
989,498,7,2
990,587,7,3
991,832,3,1
992,797,8,2
993,193,1,2
994,424,1,3
995,257,9,3
996,770,9,3
997,2,10,2
998,518,5,2
999,941,3,2
1000,91,11,3
1001,964,8,3
1002,305,5,3
1003,406,4,2
1004,968,10,2
1005,867,2,1
1006,651,1,1
1007,741,10,1
1008,126,8,3
1009,867,2,3
1010,495,4,2
1011,765,1,3
1012,241,9,3
1013,484,1,2
1014,518,2,2
1015,161,4,2
1016,258,8,1
1017,136,6,1
1018,770,5,3
1019,102,7,3
1020,635,3,2
1021,148,11,2
1022,663,8,1
1023,256,11,3
1024,262,10,3
1025,164,5,3
1026,996,11,2
1027,493,4,2
1028,761,2,1
1029,505,3,2
1030,811,1,1
1031,801,6,3
1032,405,9,3
1033,10,10,3
1034,274,10,2
1035,712,7,2
1036,178,7,1
1037,125,3,1
1038,691,8,3
1039,33,8,3
1040,978,1,3
1041,561,6,3
1042,129,5,1
1043,989,5,1
1044,667,10,3
1045,8,7,1
1046,726,4,1
1047,735,6,3
1048,834,6,2
1049,952,3,3
1050,82,2,1
1051,925,1,1
1052,324,1,3
1053,227,6,1
1054,933,11,3
1055,920,8,2
1056,151,8,2
1057,897,3,1
1058,769,10,1
1059,791,5,2
1060,486,1,3
1061,178,10,2
1062,585,10,1
1063,164,11,1
1064,680,9,2
1065,742,11,2
1066,360,5,3
1067,698,3,1
1068,247,2,1
1069,473,7,3
1070,793,8,2
1071,791,7,2
1072,679,10,3
1073,992,2,2
1074,213,3,2
1075,889,4,1
1076,109,5,1
1077,688,4,3
1078,222,9,2
1079,10,7,1
1080,103,2,2
1081,552,8,2
1082,261,2,2
1083,813,4,3
1084,130,10,1
1085,862,6,3
1086,86,8,3
1087,29,4,1
1088,53,4,2
1089,957,9,2
1090,740,2,3
1091,762,2,3
1092,625,4,2
1093,196,10,1
1094,308,10,3
1095,533,11,1
1096,765,8,3
1097,645,11,3
1098,514,9,3
1099,604,4,1
1100,209,9,2
1101,168,9,1
1102,448,10,3
1103,854,10,1
1104,91,7,1
1105,649,8,2
1106,539,6,3
1107,47,3,1
1108,376,2,1
1109,176,1,3
1110,892,5,1
1111,596,8,2
1112,816,8,2
1113,975,10,3
1114,567,8,2
1115,328,4,3
1116,106,1,2
1117,327,7,1
1118,218,9,3
1119,812,6,1
1120,883,10,1
1121,727,1,3
1122,203,9,3
1123,829,11,1
1124,599,8,2
1125,244,1,3
1126,369,10,3
1127,235,6,1
1128,123,11,3
1129,426,10,2
1130,344,10,1
1131,600,4,3
1132,427,3,2
1133,886,3,3
1134,576,2,1
1135,663,8,3
1136,125,3,2
1137,383,6,2
1138,34,3,1
1139,237,4,3
1140,246,6,1
1141,768,6,3
1142,64,2,1
1143,965,7,1
1144,883,5,1
1145,146,11,1
1146,452,2,3
1147,29,9,2
1148,802,6,3
1149,416,3,3
1150,354,3,3
1151,558,3,2
1152,988,3,3
1153,659,9,1
1154,752,5,3
1155,611,9,2
1156,297,10,1
1157,755,7,3
1158,110,1,1
1159,230,7,2
1160,969,4,2
1161,315,3,2
1162,204,3,2
1163,442,7,3
1164,547,11,2
1165,187,10,1
1166,185,11,2
1167,342,8,3
1168,99,2,3
1169,499,3,3
1170,418,3,2
1171,255,10,1
1172,889,2,1
1173,362,4,1
1174,949,10,3
1175,76,6,1
1176,364,5,2
1177,544,9,3
1178,104,10,1
1179,284,10,2
1180,369,5,1
1181,417,11,1
1182,423,7,3
1183,97,11,2
1184,114,9,2
1185,572,6,2
1186,490,2,2
1187,251,9,1
1188,543,9,1
1189,795,6,1
1190,672,4,1
1191,104,8,2
1192,521,1,2
1193,548,7,3
1194,601,7,2
1195,846,6,2
1196,448,9,1
1197,875,6,3
1198,976,1,1
1199,802,10,2
1200,649,2,1
1201,818,2,3
1202,165,6,1
1203,557,8,1
1204,196,6,2
1205,135,8,2
1206,53,5,1
1207,717,11,1
1208,415,10,3
1209,434,11,3
1210,212,5,2
1211,555,4,3
1212,664,7,1
1213,637,1,3
1214,350,5,3
1215,531,1,1
1216,960,11,3
1217,884,2,2
1218,722,8,2
1219,821,5,1
1220,376,11,3
1221,909,5,2
1222,930,9,3
1223,12,9,2
1224,5,7,2
1225,478,10,3
1226,586,2,1
1227,281,8,2
1228,773,3,3
1229,676,11,1
1230,384,6,2
1231,744,11,1
1232,616,3,3
1233,885,2,3
1234,201,11,2
1235,530,8,3
1236,215,2,3
1237,474,7,2
1238,188,11,2
1239,308,2,1
1240,989,2,3
1241,969,1,2
1242,936,8,3
1243,522,7,1
1244,801,5,2
1245,463,1,3
1246,690,3,3
1247,273,6,3
1248,468,5,1
1249,122,7,1
1250,619,7,2
1251,835,2,2
1252,791,2,2
1253,86,8,2
1254,180,10,2
1255,74,11,3
1256,379,8,1
1257,947,1,3
1258,605,6,1
1259,464,7,2
1260,60,2,1
1261,732,5,3
1262,109,5,3
1263,153,7,2
1264,390,6,1
1265,462,3,1
1266,589,6,3
1267,10,1,3
1268,712,1,3
1269,113,10,3
1270,943,9,1
1271,698,6,3
1272,726,11,1
1273,425,7,1
1274,684,9,2
1275,564,3,1
1276,719,2,3
1277,390,4,2
1278,292,6,2
1279,45,4,1
1280,833,1,2
1281,992,8,3
1282,887,8,1
1283,90,10,3
1284,866,8,1
1285,263,10,1
1286,178,1,3
1287,785,3,1
1288,516,7,1
1289,751,9,3
1290,821,9,2
1291,237,3,1
1292,289,8,1
1293,364,5,1
1294,550,10,3
1295,880,9,3
1296,577,3,3
1297,163,3,3
1298,326,7,1
1299,432,3,1
1300,212,1,1
1301,110,6,3
1302,873,3,2
1303,52,2,1
1304,508,9,2
1305,584,6,1
1306,989,5,3
1307,1,7,1
1308,283,8,3
1309,156,1,3
1310,153,2,3
1311,833,8,1
1312,661,4,1
1313,831,6,1
1314,783,6,3
1315,843,1,2
1316,42,8,3
1317,194,8,1
1318,433,1,1
1319,223,2,2
1320,128,8,2
1321,787,1,3
1322,706,6,2
1323,342,7,3
1324,267,11,2
1325,599,6,3
1326,434,1,1
1327,898,9,3
1328,789,10,2
1329,756,5,1
1330,376,5,3
1331,875,1,3
1332,376,2,3
1333,95,8,1
1334,188,8,3
1335,2,8,3
1336,21,3,2
1337,240,4,3
1338,682,8,1
1339,638,4,1
1340,4,4,1
1341,22,11,2
1342,433,8,2
1343,341,2,3
1344,849,11,1
1345,347,8,3
1346,360,3,2
1347,465,9,2
1348,846,9,3
1349,476,3,2
1350,319,11,2
1351,303,2,3
1352,552,7,1
1353,161,2,1
1354,993,5,3
1355,803,1,2
1356,512,8,3
1357,213,10,3
1358,675,9,3
1359,934,1,2
1360,79,1,1
1361,185,9,1
1362,519,8,3
1363,623,3,3
1364,529,11,1
1365,870,2,2
1366,570,11,1
1367,227,3,3
1368,280,8,3
1369,798,3,2
1370,267,6,3
1371,904,1,1
1372,259,11,1
1373,370,6,3
1374,943,7,3
1375,216,3,2
1376,462,1,2
1377,730,11,2
1378,174,10,2
1379,215,7,2
1380,17,4,1
1381,31,4,3
1382,239,2,1
1383,412,1,3
1384,987,7,1
1385,482,2,1
1386,696,1,2
1387,471,7,2
1388,855,1,1
1389,474,8,1
1390,783,10,3
1391,243,1,3
1392,78,3,1
1393,705,10,2
1394,994,9,3
1395,722,2,2
1396,977,4,2
1397,341,9,2
1398,289,8,3
1399,213,5,2
1400,478,3,3
1401,135,9,2
1402,894,9,3
1403,557,2,1
1404,538,11,2
1405,3,7,3
1406,144,9,3
1407,300,11,2
1408,176,6,2
1409,366,6,3
1410,701,5,1
1411,587,1,3
1412,684,3,2
1413,588,1,3
1414,827,8,2
1415,762,2,3
1416,628,4,2
1417,609,2,2
1418,823,4,1
1419,733,4,2
1420,422,2,2
1421,215,1,2
1422,119,3,2
1423,187,1,2
1424,556,9,1
1425,180,11,3
1426,537,2,3
1427,918,9,1
1428,696,9,3
1429,884,8,3
1430,663,2,1
1431,436,9,1
1432,972,1,2
1433,15,2,2
1434,580,8,2
1435,637,7,1
1436,424,10,3
1437,615,8,2
1438,96,1,2
1439,566,4,2
1440,103,4,3
1441,793,9,2
1442,779,10,2
1443,290,7,3
1444,161,11,2
1445,886,4,2
1446,307,8,2
1447,313,4,1
1448,845,8,2
1449,710,2,2
1450,39,5,3
1451,172,10,2
1452,196,7,2
1453,19,2,1
1454,708,3,2
1455,680,11,1
1456,994,5,1
1457,8,6,2
1458,612,6,3
1459,467,8,1
1460,705,6,2
1461,245,3,3
1462,598,9,3
1463,680,10,3
1464,847,6,3
1465,517,5,2
1466,19,7,3
1467,176,9,2
1468,289,8,2
1469,1,4,2
1470,118,2,3
1471,482,8,1
1472,716,2,2
1473,479,5,1
1474,677,6,1
1475,347,9,3
1476,626,5,1
1477,252,4,2
1478,709,2,1
1479,577,1,2
1480,258,4,1
1481,528,1,2
1482,487,9,2
1483,666,11,2
1484,429,3,2
1485,490,4,3
1486,64,11,2
1487,7,10,1
1488,446,11,2
1489,487,6,3
1490,685,2,3
1491,9,1,1
1492,243,11,3
1493,119,7,3
1494,537,8,3
1495,981,4,1
1496,464,2,1
1497,364,10,3
1498,540,4,2
1499,128,7,3
1500,882,8,3
1501,148,11,3
1502,409,11,2
1503,889,4,3
1504,610,1,1
1505,557,11,2
1506,557,2,2
1507,44,2,2
1508,112,3,2
1509,494,4,3
1510,561,2,3
1511,480,6,2
1512,650,4,1
1513,381,6,3
1514,340,5,2
1515,205,11,1
1516,736,9,3
1517,745,1,1
1518,202,7,2
1519,15,11,3
1520,826,3,2
1521,536,7,2
1522,397,6,1
1523,178,1,2
1524,650,6,1
1525,84,2,2
1526,189,6,3
1527,649,9,2
1528,318,9,1
1529,298,7,2
1530,43,9,2
1531,302,8,1
1532,982,9,3
1533,89,8,1
1534,141,4,3
1535,231,8,3
1536,330,6,1
1537,806,1,3
1538,374,3,3
1539,462,2,1
1540,835,7,2
1541,31,9,3
1542,706,9,2
1543,502,3,1
1544,336,2,1
1545,706,11,3
1546,145,9,2
1547,853,1,2
1548,931,3,1
1549,731,10,1
1550,804,1,3
1551,831,2,1
1552,398,11,3
1553,81,8,3
1554,561,5,1
1555,320,10,3
1556,215,11,3
1557,79,1,2
1558,81,4,2
1559,43,4,2
1560,441,8,1
1561,760,5,2
1562,770,3,1
1563,664,11,1
1564,585,6,3
1565,805,2,2
1566,240,7,1
1567,204,2,3
1568,289,5,2
1569,435,8,2
1570,977,10,3
1571,371,5,3
1572,205,7,1
1573,323,10,1
1574,433,2,2
1575,438,8,1
1576,332,4,3
1577,849,8,3
1578,261,9,1
1579,94,7,3
1580,284,4,2
1581,696,7,2
1582,871,5,1
1583,843,10,3
1584,201,4,1
1585,209,11,1
1586,436,5,2
1587,780,10,3
1588,937,10,1
1589,916,9,3
1590,709,11,1
1591,717,4,3
1592,96,10,3
1593,58,6,3
1594,82,3,1
1595,757,9,1
1596,52,3,2
1597,552,3,1
1598,588,4,3
1599,802,9,1
1600,830,1,1
1601,394,6,2
1602,210,8,1
1603,536,2,2
1604,971,11,1
1605,503,4,3
1606,96,11,3
1607,564,7,1
1608,993,8,3
1609,914,7,3
1610,970,10,3
1611,587,6,1
1612,58,10,2
1613,690,6,2
1614,435,3,2
1615,277,7,2
1616,439,2,1
1617,240,4,1
1618,631,2,3
1619,347,5,3
1620,718,11,2
1621,861,4,3
1622,819,8,1
1623,880,7,2
1624,128,7,3
1625,579,3,2
1626,274,3,2
1627,951,8,1
1628,675,8,2
1629,187,9,2
1630,406,9,1
1631,310,5,2
1632,475,8,1
1633,50,1,3
1634,31,7,3
1635,284,1,2
1636,459,6,1
1637,178,1,3
1638,697,2,3
1639,632,11,2
1640,216,9,2
1641,134,5,1
1642,148,6,2
1643,245,6,1
1644,609,2,1
1645,712,4,2
1646,773,2,1
1647,638,7,2
1648,852,11,3
1649,146,5,1
1650,557,2,2
1651,718,8,3
1652,954,2,2
1653,742,8,3
1654,140,5,2
1655,12,4,2
1656,27,4,2
1657,731,3,3
1658,544,7,3
1659,775,7,2
1660,932,10,2
1661,289,4,3
1662,509,5,1
1663,548,10,2
1664,950,5,2
1665,62,4,3
1666,42,9,1
1667,152,3,3
1668,669,2,2
1669,187,10,2
1670,271,5,3
1671,355,2,3
1672,434,2,1
1673,115,3,2
1674,873,5,3
1675,744,11,3
1676,741,10,3
1677,875,9,1
1678,166,7,1
1679,150,3,1
1680,531,3,2
1681,833,1,3
1682,250,1,3
1683,963,8,1
1684,856,7,1
1685,819,10,2
1686,13,9,3
1687,335,11,1
1688,302,3,3
1689,4,2,2
1690,83,2,3
1691,805,5,3
1692,177,1,3
1693,258,3,1
1694,143,11,3
1695,171,10,3
1696,859,9,3
1697,812,1,3
1698,750,7,3
1699,371,9,1
1700,991,5,1
1701,320,2,2
1702,360,1,2
1703,984,3,1
1704,663,5,1
1705,534,7,3
1706,319,10,3
1707,894,4,1
1708,532,8,3
1709,255,4,2
1710,89,4,3
1711,161,1,2
1712,585,2,3
1713,532,10,1
1714,342,7,1
1715,529,3,2
1716,925,11,2
1717,760,11,2
1718,464,3,3
1719,875,6,1
1720,174,10,3
1721,228,9,1
1722,585,4,2
1723,106,7,3
1724,907,4,1
1725,360,2,1
1726,204,8,1
1727,137,8,2
1728,381,9,2
1729,884,3,3
1730,832,7,2
1731,412,6,3
1732,559,8,2
1733,755,6,2
1734,825,4,3
1735,934,3,2
1736,138,3,1
1737,974,6,2
1738,469,9,2
1739,649,10,1
1740,395,8,1
1741,90,2,3
1742,279,2,2
1743,245,6,3
1744,918,6,3
1745,832,5,3
1746,860,2,2
1747,117,3,1
1748,703,10,3
1749,469,8,2
1750,457,2,3
1751,794,6,3
1752,3,11,1
1753,440,4,3
1754,885,4,1
1755,781,10,2
1756,218,3,2
1757,58,3,1
1758,769,2,1
1759,57,2,2
1760,575,1,2
1761,298,6,3
1762,996,9,1
1763,122,5,2
1764,956,11,1
1765,833,9,3
1766,659,1,3
1767,573,4,1
1768,498,7,1
1769,313,4,1
1770,589,9,3
1771,651,3,1
1772,87,5,1
1773,415,7,2
1774,186,4,1
1775,181,1,2
1776,678,3,1
1777,475,8,1
1778,962,8,2
1779,842,9,2
1780,235,6,3
1781,589,5,1
1782,252,11,2
1783,321,1,3
1784,680,3,1
1785,845,8,3
1786,336,8,3
1787,286,11,1
1788,965,9,1
1789,263,7,3
1790,415,10,2
1791,260,2,3
1792,101,4,3
1793,464,7,2
1794,458,11,2
1795,442,1,2
1796,820,7,2
1797,330,9,3
1798,749,1,2
1799,490,4,3
1800,746,9,2
1801,666,8,1
1802,204,7,2
1803,819,3,1
1804,981,9,1
1805,324,11,2
1806,795,1,1
1807,860,4,1
1808,314,6,1
1809,603,1,2
1810,134,11,2
1811,645,4,2
1812,992,8,1
1813,27,7,3
1814,246,10,2
1815,255,1,1
1816,5,4,2
1817,411,10,2
1818,577,9,1
1819,96,9,1
1820,968,11,1
1821,976,8,2
1822,462,10,1
1823,408,1,3
1824,871,10,2
1825,624,5,3
1826,490,2,2
1827,65,8,3
1828,712,2,2
1829,434,5,3
1830,284,1,3
1831,636,6,3
1832,22,9,1
1833,857,1,1
1834,168,5,1
1835,132,1,2
1836,163,8,3
1837,410,2,2
1838,187,2,1
1839,462,11,3
1840,840,8,3
1841,11,2,1
1842,587,9,3
1843,478,3,3
1844,990,5,2
1845,873,3,3
1846,629,6,3
1847,780,9,1
1848,251,3,1
1849,303,4,2
1850,658,5,2
1851,755,11,2
1852,132,4,3
1853,806,1,3
1854,769,3,1
1855,916,10,3
1856,563,5,1
1857,531,9,3
1858,338,4,1
1859,565,6,1
1860,266,3,2
1861,459,5,1
1862,243,11,3
1863,377,3,1
1864,730,6,2
1865,750,2,3
1866,51,9,2
1867,698,6,1
1868,557,6,3
1869,973,3,1
1870,372,1,2
1871,1,8,2
1872,959,2,2
1873,591,3,2
1874,494,11,2
1875,449,4,1
1876,523,8,1
1877,948,6,3
1878,352,8,2
1879,102,9,1
1880,251,8,3
1881,68,6,1
1882,273,9,1
1883,211,1,2
1884,523,3,2
1885,733,9,1
1886,936,8,3
1887,589,9,3
1888,59,9,2
1889,998,3,1
1890,918,11,1
1891,334,6,1
1892,228,8,3
1893,593,10,1
1894,527,6,1
1895,916,7,3
1896,655,3,1
1897,932,9,2
1898,112,10,1
1899,714,9,3
1900,199,7,1
1901,754,7,2
1902,890,2,2
1903,1,11,2
1904,259,7,2
1905,681,6,3
1906,360,8,2
1907,795,1,1
1908,913,8,3
1909,567,7,2
1910,795,11,1
1911,131,10,3
1912,597,8,2
1913,682,4,3
1914,687,2,2
1915,209,6,2
1916,732,1,3
1917,53,7,1
1918,703,11,2
1919,337,3,1
1920,422,10,2
1921,25,8,3
1922,402,8,2
1923,664,11,1
1924,716,8,1
1925,345,8,1
1926,624,11,3
1927,47,8,2
1928,747,2,3
1929,266,4,1
1930,658,8,3
1931,261,4,2
1932,973,7,2
1933,452,1,2
1934,765,1,1
1935,106,1,1
1936,95,11,2
1937,674,3,3
1938,362,8,1
1939,573,6,3
1940,768,10,2
1941,593,11,3
1942,658,11,1
1943,875,2,1
1944,822,4,1
1945,396,7,3
1946,12,11,2
1947,850,1,2
1948,933,1,1
1949,926,3,1
1950,401,2,2
1951,764,2,2
1952,950,8,2
1953,554,11,1
1954,950,1,3
1955,948,4,2
1956,42,4,1
1957,996,11,1
1958,247,10,1
1959,804,7,3
1960,833,11,2
1961,678,8,2
1962,266,4,1
1963,507,9,2
1964,597,8,1
1965,356,1,1
1966,651,7,1
1967,213,2,3
1968,561,3,2
1969,819,8,1
1970,351,6,2
1971,195,7,3
1972,228,8,2
1973,486,6,2
1974,376,11,3
1975,955,10,2
1976,67,2,1
1977,994,2,2
1978,47,8,3
1979,788,8,3
1980,70,10,3
1981,244,10,2
1982,502,7,1
1983,172,11,1
1984,596,7,3
1985,376,10,3
1986,259,4,2
1987,395,1,2
1988,634,4,2
1989,955,3,3
1990,691,7,2
1991,582,8,3
1992,87,1,2
1993,736,4,2
1994,703,1,3
1995,670,1,3
1996,810,7,1
1997,56,6,1
1998,95,1,3
1999,708,1,2
2000,670,5,2
2001,463,7,2
2002,839,1,3
2003,733,7,3
2004,572,5,3
2005,617,4,2
2006,76,2,1
2007,992,5,1
2008,5,1,1
2009,397,8,1
2010,879,11,2
2011,228,10,2
2012,285,8,1
2013,741,10,1
2014,152,1,1
2015,602,1,2
2016,817,5,3
2017,628,6,1
2018,582,9,2
2019,490,2,3
2020,490,2,2
2021,385,5,2
2022,387,3,2
2023,884,4,2
2024,269,11,2
2025,134,11,1
2026,166,2,3
2027,609,2,2
2028,653,8,2
2029,410,11,3
2030,396,7,2
2031,498,10,3
2032,146,7,2
2033,640,7,3
2034,502,3,2
2035,999,3,3
2036,127,4,2
2037,779,3,1
2038,508,7,3
2039,791,4,1
2040,739,9,2
2041,375,4,2
2042,836,1,3
2043,948,4,2
2044,55,5,1
2045,396,5,3
2046,46,1,2
2047,160,7,3
2048,763,4,1
2049,169,1,3
2050,935,10,1
2051,475,9,2
2052,558,7,2
2053,151,8,2
2054,917,1,2
2055,672,11,3
2056,850,2,3
2057,271,10,2
2058,782,7,3
2059,211,8,1
2060,742,9,2
2061,37,6,2
2062,513,5,1
2063,770,4,1
2064,36,6,3
2065,620,7,2
2066,601,5,1
2067,250,8,2
2068,862,6,1
2069,506,6,3
2070,3,7,3
2071,86,11,1
2072,741,9,2
2073,254,5,1
2074,817,6,1
2075,422,7,1
2076,546,9,2
2077,802,2,1
2078,111,5,1
2079,893,3,2
2080,738,3,2
2081,331,6,3
2082,595,7,2
2083,246,7,3
2084,221,5,1
2085,610,10,2
2086,750,1,3
2087,920,9,3
2088,965,8,1
2089,527,4,3
2090,273,5,3
2091,456,2,3
2092,402,8,3
2093,756,6,1
2094,732,10,2
2095,744,11,1
2096,509,10,1
2097,745,4,3
2098,96,9,1
2099,809,1,1
2100,441,3,1
2101,568,5,1
2102,210,11,2
2103,594,1,2
2104,845,2,2
2105,789,10,3
2106,98,6,1
2107,827,6,1
2108,361,4,2
2109,728,10,1
2110,86,8,1
2111,950,8,3
2112,664,3,3
2113,691,1,2
2114,179,6,1
2115,658,5,1
2116,290,4,3
2117,374,5,1
2118,892,6,2
2119,591,10,3
2120,961,3,1
2121,734,7,2
2122,284,1,2
2123,782,11,3
2124,263,6,1
2125,420,1,3
2126,502,8,1
2127,718,8,1
2128,855,2,3
2129,740,2,3
2130,844,2,3
2131,52,2,1
2132,890,11,1
2133,98,5,2
2134,397,4,2
2135,796,4,2
2136,483,8,2
2137,336,1,1
2138,589,5,3
2139,200,4,1
2140,394,3,1
2141,980,2,2
2142,893,1,3
2143,470,3,2
2144,932,5,1
2145,763,6,1
2146,315,11,1
2147,380,4,1
2148,613,11,3
2149,863,9,3
2150,67,2,3
2151,692,1,3
2152,613,5,1
2153,208,3,2
2154,199,4,1
2155,2,1,3
2156,3,10,1
2157,67,6,1
2158,714,5,1
2159,613,6,3
2160,86,7,3
2161,913,7,1
2162,420,11,3
2163,889,1,2
2164,753,10,3
2165,76,7,3
2166,13,11,1
2167,665,3,3
2168,312,10,2
2169,404,2,1
2170,850,10,2
2171,465,7,2
2172,536,9,1
2173,4,10,1
2174,677,7,2
2175,501,10,1
2176,296,3,3
2177,345,8,1
2178,99,8,2
2179,98,3,1
2180,849,2,1
2181,625,2,2
2182,705,6,1
2183,108,7,3
2184,49,3,1
2185,438,2,3
2186,625,6,3
2187,647,8,2
2188,326,11,3
2189,99,9,1
2190,980,4,3
2191,706,4,1
2192,697,2,1
2193,71,10,2
2194,151,8,3
2195,547,7,1
2196,478,9,1
2197,717,10,1
2198,2,11,1
2199,456,1,3
2200,273,3,3
2201,868,10,2
2202,27,11,2
2203,398,1,3
2204,313,4,3
2205,646,3,2
2206,314,6,3
2207,497,11,3
2208,175,8,2
2209,21,5,2
2210,286,4,2
2211,130,7,3
2212,519,3,3
2213,993,5,2
2214,65,2,1
2215,212,5,3
2216,824,1,1
2217,805,11,1
2218,863,5,3
2219,693,11,1
2220,615,8,2
2221,133,2,3
2222,343,6,1
2223,472,11,2
2224,826,5,3
2225,546,7,2
2226,691,5,3
2227,84,5,3
2228,573,10,2
2229,857,1,2
2230,481,3,2
2231,811,7,3
2232,79,1,3
2233,153,3,3
2234,350,1,3
2235,113,1,2
2236,691,2,1
2237,252,7,3
2238,717,7,1
2239,331,8,1
2240,189,11,2
2241,449,3,2
2242,159,5,1
2243,506,11,1
2244,567,4,1
2245,915,9,2
2246,449,7,1
2247,670,5,1
2248,100,1,1
2249,401,9,1
2250,240,10,3
2251,288,6,3
2252,402,6,2
2253,641,10,3
2254,8,10,2
2255,900,10,3
2256,369,3,2
2257,870,4,2
2258,428,9,1
2259,903,2,1
2260,78,3,1
2261,238,3,3
2262,954,7,1
2263,814,5,3
2264,741,11,2
2265,929,7,2
2266,206,1,1
2267,416,9,1
2268,678,9,2
2269,545,5,2
2270,442,5,3
2271,429,9,2
2272,956,2,3
2273,526,8,1
2274,94,11,1
2275,332,6,3
2276,219,10,2
2277,825,8,2
2278,64,7,2
2279,608,3,2
2280,477,8,3
2281,818,1,3
2282,832,7,1
2283,447,11,3
2284,703,3,3
2285,639,4,1
2286,428,9,2
2287,206,7,2
2288,396,2,1
2289,557,8,2
2290,51,2,1
2291,924,2,3
2292,723,7,3
2293,109,6,3
2294,806,6,3
2295,281,6,1
2296,35,1,2
2297,598,11,2
2298,594,5,2
2299,122,7,1
2300,971,7,1
2301,276,9,2
2302,395,10,1
2303,437,5,1
2304,932,5,3
2305,460,3,1
2306,667,1,3
2307,630,10,3
2308,484,11,3
2309,94,2,1
2310,929,9,1
2311,912,1,2
2312,864,6,2
2313,306,11,1
2314,764,6,1
2315,453,1,3
2316,194,11,1
2317,438,4,2
2318,104,11,2
2319,15,1,2
2320,243,8,1
2321,568,9,1
2322,971,10,2
2323,367,7,3
2324,943,2,1
2325,975,7,2
2326,686,3,1
2327,893,9,3
2328,682,4,3
2329,297,1,1
2330,497,4,3
2331,942,6,3
2332,809,7,1
2333,772,8,2
2334,745,3,3
2335,712,5,2
2336,420,4,3
2337,565,6,3
2338,351,8,1
2339,637,10,2
2340,156,9,1
2341,106,4,3
2342,354,6,3
2343,483,11,3
2344,478,7,3
2345,307,9,2
2346,618,11,3
2347,608,2,3
2348,168,10,2
2349,732,3,1
2350,892,1,3
2351,846,10,2
2352,173,2,2
2353,757,11,3
2354,579,6,3
2355,958,9,1
2356,107,4,1
2357,779,11,2
2358,353,6,2
2359,637,4,3
2360,462,6,3
2361,957,6,1
2362,937,10,3
2363,687,9,1
2364,707,2,3
2365,20,7,1
2366,367,7,1
2367,100,7,3
2368,9,3,2
2369,712,4,2
2370,218,3,1
2371,586,7,1
2372,985,8,2
2373,493,11,1
2374,386,5,1
2375,270,7,2
2376,86,5,1
2377,985,3,3
2378,981,11,2
2379,687,7,2
2380,1,11,3
2381,886,2,3
2382,372,5,3
2383,306,3,2
2384,566,9,2
2385,29,7,1
2386,136,6,1
2387,252,11,1
2388,709,2,1
2389,194,11,1
2390,987,10,3
2391,913,8,1
2392,87,11,2
2393,175,9,1
2394,76,10,1
2395,866,1,3
2396,58,3,2
2397,366,2,3
2398,333,3,1
2399,314,7,2
2400,492,8,1
2401,554,10,1
2402,920,4,3
2403,854,7,1
2404,832,5,2
2405,107,9,3
2406,915,4,1
2407,701,10,1
2408,389,7,1
2409,438,11,2
2410,303,8,3
2411,871,3,2
2412,520,8,1
2413,986,9,3
2414,217,2,2
2415,489,11,3
2416,533,9,2
2417,968,2,1
2418,22,6,3
2419,11,10,3
2420,973,4,3
2421,112,3,2
2422,135,2,2
2423,109,3,3
2424,817,3,1
2425,998,7,3
2426,964,5,3
2427,484,1,1
2428,799,5,3
2429,979,6,2
2430,90,3,2
2431,419,11,3
2432,236,10,3
2433,32,8,3
2434,864,8,2
2435,989,1,1
2436,515,11,2
2437,111,2,1
2438,273,10,3
2439,971,2,2
2440,541,2,1
2441,702,6,3
2442,32,3,1
2443,89,1,2
2444,44,7,3
2445,232,8,3
2446,376,3,2
2447,895,1,1
2448,548,11,1
2449,737,7,3
2450,176,7,2
2451,770,9,1
2452,19,3,3
2453,510,5,3
2454,467,3,1
2455,505,5,3
2456,582,7,2
2457,71,10,3
2458,235,4,3
2459,240,11,1
2460,252,1,1
2461,451,8,3
2462,154,3,2
2463,574,3,3
2464,152,4,2
2465,71,2,2
2466,227,7,1
2467,709,7,2
2468,790,6,1
2469,925,9,3
2470,331,11,2
2471,9,2,1
2472,903,6,2
2473,198,10,2
2474,472,8,1
2475,494,6,2
2476,942,5,2
2477,605,9,1
2478,74,9,1
2479,191,1,2
2480,649,10,2
2481,842,1,3
2482,378,1,2
2483,672,9,2
2484,831,9,2
2485,657,9,3
2486,85,1,2
2487,706,3,1
2488,889,4,1
2489,868,7,1
2490,639,5,3
2491,576,5,3
2492,751,4,3
2493,1,3,3
2494,759,11,1
2495,600,8,3
2496,770,10,1
2497,816,8,1
2498,748,11,2
2499,826,9,1
2500,841,3,1
2501,820,9,3
2502,246,1,1
2503,270,3,1
2504,701,9,3
2505,428,10,1
2506,894,8,3
2507,930,4,2
2508,942,7,2
2509,545,5,1
2510,468,8,3
2511,73,11,3
2512,212,2,3
2513,242,2,3
2514,990,4,2
2515,554,6,1
2516,917,4,3
2517,402,4,2
2518,159,6,1
2519,105,5,3
2520,800,1,2
2521,110,10,1
2522,123,11,3
2523,393,8,1
2524,419,3,1
2525,433,10,3
2526,366,10,3
2527,357,8,3
2528,169,3,3
2529,214,10,3
2530,373,3,3
2531,514,11,1
2532,711,2,2
2533,238,8,3
2534,786,1,1
2535,962,1,2
2536,583,4,3
2537,22,11,3
2538,395,7,3
2539,959,6,3
2540,984,11,1
2541,713,5,2
2542,149,3,1
2543,485,4,1
2544,101,1,1
2545,727,8,1
2546,818,9,1
2547,153,11,2
2548,879,4,1
2549,238,2,3
2550,329,3,3
2551,4,1,1
2552,443,1,1
2553,629,3,1
2554,210,6,2
2555,669,1,1
2556,352,3,2
2557,617,1,2
2558,818,3,1
2559,377,8,2
2560,130,1,1
2561,372,6,1
2562,136,8,3
2563,748,9,2
2564,796,2,1
2565,813,5,1
2566,126,8,2
2567,707,4,3
2568,191,7,3
2569,642,2,3
2570,51,6,2
2571,360,10,3
2572,635,2,2
2573,717,11,1
2574,159,11,1
2575,291,10,3
2576,570,9,3
2577,580,11,3
2578,88,1,2
2579,253,3,1
2580,41,6,1
2581,521,1,1
2582,335,6,1
2583,534,5,2
2584,861,10,1
2585,450,3,2
2586,183,4,1
2587,510,7,3
2588,983,4,3
2589,488,8,2
2590,545,6,3
2591,839,8,2
2592,287,4,1
2593,593,2,1
2594,320,1,1
2595,777,9,2
2596,55,2,2
2597,756,3,2
2598,158,9,1
2599,435,7,3
2600,141,5,1
2601,692,8,3
2602,18,8,1
2603,469,11,1
2604,828,10,2
2605,856,1,1
2606,182,2,3
2607,572,10,1
2608,72,10,2
2609,803,8,2
2610,615,4,1
2611,249,2,1
2612,24,8,1
2613,872,1,2
2614,298,1,1
2615,340,11,3
2616,447,6,3
2617,335,7,3
2618,399,4,2
2619,174,8,1
2620,514,2,2
2621,463,11,3
2622,907,3,3
2623,925,9,3
2624,87,4,1
2625,401,1,3
2626,9,7,2
2627,607,8,2
2628,324,7,3
2629,698,9,3
2630,334,10,2
2631,830,7,2
2632,807,4,3
2633,668,1,1
2634,899,4,2
2635,512,11,2
2636,789,7,1
2637,450,7,1
2638,742,11,2
2639,878,4,2
2640,946,8,1
2641,440,3,1
2642,868,9,2
2643,981,7,2
2644,693,9,2
2645,734,3,1
2646,504,7,1
2647,616,4,3
2648,300,6,2
2649,341,3,1
2650,176,10,3
2651,282,8,2
2652,769,11,2
2653,348,7,1
2654,786,8,1
2655,290,4,3
2656,221,7,2
2657,957,10,3
2658,94,2,1
2659,491,5,2
2660,31,5,1
2661,567,7,3
2662,178,9,1
2663,296,5,3
2664,844,2,2
2665,453,11,2
2666,967,8,3
2667,926,8,3
2668,874,10,3
2669,434,5,1
2670,723,7,3
2671,463,7,2
2672,220,2,3
2673,627,2,2
2674,292,9,1
2675,153,2,2
2676,527,3,1
2677,330,6,3
2678,138,2,2
2679,658,11,1
2680,552,5,2
2681,266,2,2
2682,579,11,3
2683,260,7,3
2684,698,2,2
2685,7,9,2
2686,153,3,2
2687,584,6,3
2688,49,9,1
2689,520,11,2
2690,529,2,3
2691,979,3,1
2692,873,11,3
2693,328,10,1
2694,358,5,2
2695,980,7,2
2696,672,6,2
2697,904,2,2
2698,17,5,1
2699,735,3,1
2700,436,6,2
2701,310,7,1
2702,176,3,3
2703,908,2,1
2704,295,5,2
2705,409,4,3
2706,946,9,1
2707,823,1,1
2708,581,5,1
2709,836,6,1
2710,857,5,1
2711,771,10,3
2712,691,9,1
2713,459,7,3
2714,719,5,2
2715,735,5,1
2716,491,7,3
2717,667,7,1
2718,179,10,1
2719,472,3,2
2720,677,6,2
2721,414,11,1
2722,926,6,1
2723,521,6,1
2724,387,1,1
2725,475,3,1
2726,946,1,2
2727,511,4,3
2728,383,11,1
2729,924,5,2
2730,245,11,2
2731,493,1,1
2732,501,10,2
2733,59,5,1
2734,608,2,3
2735,925,7,1
2736,42,3,2
2737,385,9,1
2738,817,1,2
2739,900,8,3
2740,714,3,1
2741,576,1,2
2742,454,6,3
2743,205,10,1
2744,925,8,2
2745,127,6,3
2746,399,11,3
2747,945,11,3
2748,641,7,2
2749,245,1,1
2750,66,7,3
2751,152,10,3
2752,467,6,2
2753,669,6,1
2754,89,9,1
2755,530,3,3
2756,205,10,3
2757,381,6,1
2758,189,8,1
2759,468,9,3
2760,340,3,3
2761,729,2,1
2762,943,10,2
2763,904,10,3
2764,419,3,3
2765,95,11,2
2766,568,2,1
2767,722,6,3
2768,704,2,3
2769,85,8,3
2770,86,5,1
2771,436,3,1
2772,277,6,1
2773,698,4,3
2774,236,8,3
2775,74,7,1
2776,953,9,2
2777,92,10,1
2778,417,2,3
2779,157,1,2
2780,393,3,2
2781,213,3,1
2782,351,2,3
2783,763,6,1
2784,263,7,1
2785,928,8,1
2786,510,9,1
2787,108,3,3
2788,846,7,3
2789,406,9,3
2790,875,8,2
2791,15,9,3
2792,790,4,2
2793,181,4,2
2794,514,1,1
2795,967,11,1
2796,516,7,2
2797,820,2,2
2798,871,11,2
2799,751,1,3
2800,235,6,2
2801,273,7,2
2802,950,1,3
2803,555,7,1
2804,531,6,2
2805,958,8,2
2806,715,3,3
2807,328,3,3
2808,629,9,2
2809,495,5,3
2810,345,5,2
2811,57,7,1
2812,400,4,2
2813,869,1,2
2814,34,10,1
2815,62,4,2
2816,965,8,1
2817,597,9,1
2818,880,8,1
2819,99,8,3
2820,879,6,2
2821,172,9,3
2822,213,11,1
2823,976,11,2
2824,866,4,1
2825,867,9,1
2826,224,10,1
2827,268,11,3
2828,46,9,2
2829,270,7,2
2830,379,7,1
2831,122,11,2
2832,506,11,3
2833,980,10,3
2834,341,2,2
2835,993,5,3
2836,451,1,1
2837,924,9,2
2838,902,10,1
2839,467,10,2
2840,399,7,1
2841,907,7,2
2842,781,10,3
2843,630,1,1
2844,303,5,3
2845,364,10,3
2846,510,5,3
2847,777,11,2
2848,317,9,1
2849,172,10,2
2850,71,7,1
2851,321,4,3
2852,632,8,1
2853,598,3,1
2854,889,8,2
2855,421,4,1
2856,106,7,3
2857,999,6,3
2858,560,1,2
2859,213,6,1
2860,310,6,2
2861,301,10,3
2862,479,1,2
2863,51,2,2
2864,568,1,2
2865,68,8,3
2866,406,5,2
2867,668,4,2
2868,547,3,1
2869,344,9,1
2870,870,5,1
2871,509,6,2
2872,2,11,1
2873,853,5,2
2874,267,1,2
2875,273,1,2
2876,282,4,3
2877,630,5,2
2878,262,7,1
2879,217,3,3
2880,851,9,1
2881,102,5,2
2882,908,7,2
2883,773,8,1
2884,580,9,2
2885,205,7,1
2886,128,7,2
2887,434,2,1
2888,866,1,2
2889,811,5,3
2890,942,10,1
2891,48,1,1
2892,672,1,2
2893,642,7,3
2894,569,6,2
2895,989,9,1
2896,742,10,1
2897,588,6,2
2898,326,10,3
2899,712,8,3
2900,218,6,2
2901,626,6,2
2902,180,4,2
2903,584,4,2
2904,303,1,3
2905,600,3,1
2906,938,8,1
2907,223,6,3
2908,863,7,2
2909,211,4,2
2910,911,5,3
2911,564,11,3
2912,331,9,2
2913,244,4,2
2914,749,6,1
2915,551,5,1
2916,6,1,1
2917,26,2,2
2918,13,11,3
2919,391,6,1
2920,838,9,2
2921,104,5,3
2922,313,5,3
2923,132,10,2
2924,845,5,2
2925,693,11,3
2926,776,1,3
2927,364,10,1
2928,322,2,2
2929,496,5,2
2930,292,5,1
2931,961,5,1
2932,299,8,2
2933,595,8,1
2934,860,4,1
2935,652,5,2
2936,715,9,1
2937,330,7,3
2938,706,4,2
2939,887,5,3
2940,678,11,3
2941,44,1,1
2942,93,8,2
2943,425,6,3
2944,819,11,3
2945,317,2,2
2946,312,5,2
2947,144,4,1
2948,223,7,1
2949,445,10,3
2950,855,1,3
2951,764,1,3
2952,348,3,3
2953,809,1,2
2954,487,4,2
2955,946,7,1
2956,898,10,2
2957,624,10,2
2958,719,10,1
2959,142,2,2
2960,339,1,1
2961,949,11,1
2962,143,1,1
2963,427,3,2
2964,944,11,3
2965,267,3,3
2966,825,8,2
2967,791,1,1
2968,786,7,3
2969,130,10,1
2970,403,10,2
2971,679,6,2
2972,324,7,1
2973,864,3,3
2974,560,2,2
2975,110,7,3
2976,586,7,2
2977,119,3,1
2978,249,4,1
2979,116,9,2
2980,671,10,1
2981,313,6,1
2982,747,10,2
2983,557,3,3
2984,895,10,2
2985,309,8,2
2986,822,3,1
2987,1000,11,3
2988,389,8,1
2989,671,9,2
2990,577,7,2
2991,157,6,1
2992,772,11,1
2993,43,1,1
2994,505,8,3
2995,605,4,1
2996,690,3,3
2997,890,2,2
2998,985,11,3
2999,858,10,3
3000,325,2,1
3001,867,3,1
3002,932,10,3
3003,524,1,2
3004,176,10,2
3005,287,6,1
3006,976,1,1
3007,977,7,1
3008,676,3,2
3009,559,2,1
3010,948,6,1
3011,355,1,2
3012,72,9,2
3013,657,6,3
3014,666,4,2
3015,564,11,2
3016,414,1,2
3017,36,9,1
3018,674,10,2
3019,837,10,1
3020,278,3,2
3021,468,10,3
3022,533,3,3
3023,472,3,3
3024,344,5,3
3025,110,6,1
3026,219,9,1
3027,487,11,1
3028,65,2,3
3029,840,11,2
3030,967,3,2
3031,537,1,1
3032,655,6,1
3033,400,6,3
3034,777,3,2
3035,643,3,3
3036,113,3,1
3037,127,3,2
3038,444,4,2
3039,654,10,2
3040,517,6,3
3041,706,3,1
3042,642,2,2
3043,160,4,3
3044,926,8,3
3045,220,4,1
3046,882,10,1
3047,987,4,3
3048,899,8,2
3049,577,8,1
3050,719,10,2
3051,714,2,3
3052,914,10,1
3053,380,1,2
3054,772,8,1
3055,35,8,1
3056,774,8,2
3057,935,10,3
3058,695,10,1
3059,733,9,2
3060,568,7,3
3061,586,8,1
3062,883,11,1
3063,87,2,1
3064,48,1,3
3065,539,10,3
3066,192,5,1
3067,659,2,3
3068,95,10,3
3069,285,8,3
3070,843,1,3
3071,284,3,3
3072,42,2,1
3073,899,2,1
3074,622,10,1
3075,26,6,1
3076,559,3,1
3077,305,9,1
3078,136,10,2
3079,84,3,2
3080,310,2,3
3081,192,2,3
3082,425,3,3
3083,298,5,3
3084,32,7,1
3085,717,7,2
3086,987,9,3
3087,467,10,2
3088,857,2,3
3089,448,2,2
3090,74,2,1
3091,542,4,1
3092,234,9,3
3093,259,7,2
3094,835,4,3
3095,159,3,2
3096,532,8,3
3097,948,2,3
3098,863,9,2
3099,952,9,2
3100,639,5,1
3101,668,11,2
3102,578,4,1
3103,947,2,1
3104,944,4,1
3105,398,1,3
3106,539,5,2
3107,167,2,2
3108,308,3,1
3109,989,8,3
3110,521,9,2
3111,283,9,2
3112,355,9,1
3113,268,1,1
3114,84,4,2
3115,487,3,3
3116,667,6,1
3117,301,3,3
3118,826,6,3
3119,446,11,3
3120,352,9,3
3121,312,2,2
3122,909,8,2
3123,583,11,1
3124,714,11,3
3125,919,1,2
3126,671,5,2
3127,274,7,1
3128,820,9,3
3129,640,7,2
3130,744,2,3
3131,621,11,3
3132,631,2,2
3133,680,5,2
3134,943,3,3
3135,868,9,3
3136,214,10,3
3137,303,3,3
3138,2,2,3
3139,363,8,2
3140,556,8,2
3141,919,1,2
3142,394,7,2
3143,980,10,1
3144,109,8,1
3145,293,1,2
3146,440,11,1
3147,207,5,1
3148,644,7,3
3149,6,5,2
3150,871,4,1
3151,86,5,2
3152,877,4,3
3153,867,2,2
3154,694,1,3
3155,866,9,1
3156,788,7,2
3157,824,2,1
3158,630,9,1
3159,100,10,3
3160,540,3,3
3161,787,2,3
3162,10,6,1
3163,397,10,2
3164,235,8,3
3165,4,5,3
3166,324,3,3
3167,201,5,1
3168,543,3,2
3169,691,7,3
3170,978,10,3
3171,538,3,3
3172,201,5,3
3173,766,7,2
3174,279,8,2
3175,786,6,3
3176,810,2,1
3177,737,6,2
3178,467,5,3
3179,938,7,3
3180,249,3,3
3181,654,9,3
3182,147,1,2
3183,496,4,2
3184,692,4,2
3185,540,5,3
3186,380,1,2
3187,906,9,2
3188,981,10,3
3189,384,7,3
3190,636,3,3
3191,799,11,2
3192,282,9,1
3193,652,9,1
3194,799,6,3
3195,575,3,3
3196,721,11,3
3197,493,11,2
3198,5,7,1
3199,355,8,2
3200,184,10,1
3201,584,7,3
3202,204,4,2
3203,886,2,1
3204,330,9,3
3205,84,2,2
3206,396,4,3
3207,599,1,3
3208,166,6,3
3209,967,11,3
3210,658,7,3
3211,184,8,2
3212,15,9,1
3213,871,1,3
3214,219,1,2
3215,810,6,1
3216,785,11,1
3217,343,6,2
3218,407,9,1
3219,470,7,1
3220,648,9,1
3221,27,10,3
3222,590,4,1
3223,318,2,1
3224,141,11,2
3225,41,1,2
3226,313,9,2
3227,77,11,3
3228,791,5,2
3229,949,9,2
3230,523,8,3
3231,242,5,3
3232,464,10,3
3233,154,3,1
3234,933,1,2
3235,325,1,3
3236,711,8,3
3237,672,11,2
3238,637,1,2
3239,311,8,1
3240,115,1,1
3241,773,2,1
3242,687,4,1
3243,540,9,1
3244,248,4,1
3245,561,2,1
3246,918,8,3
3247,933,9,1
3248,92,11,2
3249,134,7,2
3250,453,7,3
3251,127,5,2
3252,894,10,3
3253,388,10,1
3254,850,8,1
3255,95,5,2
3256,170,7,3
3257,352,4,3
3258,333,2,1
3259,533,11,3
3260,524,5,1
3261,463,10,3
3262,424,6,1
3263,245,8,3
3264,958,1,1
3265,546,10,3
3266,397,11,1
3267,723,11,2
3268,879,3,3
3269,725,9,3
3270,636,6,2
3271,568,8,3
3272,47,7,3
3273,260,9,2
3274,812,1,3
3275,342,11,1
3276,938,4,2
3277,849,11,3
3278,352,10,2
3279,399,2,1
3280,680,1,3
3281,503,11,1
3282,651,1,2
3283,375,3,3
3284,200,10,1
3285,478,11,2
3286,919,3,3
3287,679,9,1
3288,479,1,3
3289,794,10,1
3290,37,11,1
3291,387,6,1
3292,751,10,1
3293,762,7,3
3294,262,4,1
3295,68,11,2
3296,293,7,3
3297,645,3,1
3298,807,4,1
3299,428,10,1
3300,373,1,1
3301,812,7,2
3302,980,10,3
3303,81,5,3
3304,811,2,1
3305,192,8,2
3306,558,2,2
3307,867,3,2
3308,725,7,3
3309,110,1,3
3310,237,7,1
3311,967,10,2
3312,401,7,2
3313,349,9,1
3314,286,1,2
3315,517,6,2
3316,64,1,3
3317,962,10,3
3318,85,1,2
3319,264,3,2
3320,139,7,3
3321,39,11,3
3322,122,2,3
3323,695,5,1
3324,858,3,2
3325,662,8,2
3326,155,11,1
3327,375,3,1
3328,228,8,3
3329,792,10,1
3330,210,10,3
3331,9,1,1
3332,405,8,2
3333,964,7,2
3334,856,1,3
3335,377,6,2
3336,596,10,3
3337,35,7,3
3338,953,1,2
3339,650,3,2
3340,271,4,3
3341,653,6,2
3342,243,11,3
3343,222,6,3
3344,155,4,1
3345,795,4,3
3346,572,5,3
3347,952,4,3
3348,284,6,3
3349,887,11,1
3350,507,9,3
3351,706,3,3
3352,48,6,2
3353,420,10,2
3354,331,3,3
3355,809,6,2
3356,609,6,1
3357,588,11,2
3358,371,4,3
3359,990,10,1
3360,665,2,1
3361,599,11,2
3362,253,6,1
3363,702,1,2
3364,375,3,2
3365,724,8,1
3366,256,1,1
3367,718,6,1
3368,128,9,1
3369,67,4,2
3370,281,8,1
3371,498,1,1
3372,446,2,2
3373,820,3,3
3374,316,1,1
3375,228,9,1
3376,727,4,3
3377,373,4,2
3378,984,2,2
3379,224,6,3
3380,218,7,1
3381,791,3,3
3382,337,4,3
3383,804,8,1
3384,112,8,2
3385,980,9,2
3386,855,2,3
3387,945,2,2
3388,500,8,3
3389,106,3,1
3390,883,5,1
3391,175,1,3
3392,186,6,3
3393,974,1,3
3394,273,1,2
3395,78,10,1
3396,292,11,2
3397,653,4,1
3398,204,11,3
3399,817,9,1
3400,690,5,2
3401,948,10,3
3402,628,7,3
3403,147,4,2
3404,572,6,2
3405,485,5,2
3406,405,9,2
3407,849,1,3
3408,544,2,2
3409,832,2,3
3410,787,10,3
3411,411,3,1
3412,851,9,2
3413,568,6,2
3414,715,1,1
3415,869,7,2
3416,123,3,3
3417,406,10,2
3418,797,8,1
3419,43,10,3
3420,507,7,2
3421,91,5,3
3422,976,5,2
3423,932,1,2
3424,477,4,2
3425,236,4,2
3426,577,5,3
3427,824,8,3
3428,208,2,1
3429,895,9,1
3430,36,9,3
3431,581,9,3
3432,641,7,1
3433,767,1,3
3434,237,6,3
3435,808,1,3
3436,21,5,2
3437,916,4,1
3438,84,5,2
3439,881,3,3
3440,855,11,1
3441,983,8,1
3442,68,7,2
3443,495,5,2
3444,886,3,3
3445,857,6,2
3446,896,11,3
3447,655,9,3
3448,375,9,1
3449,907,9,1
3450,342,9,2
3451,879,9,1
3452,681,11,1
3453,857,11,3
3454,770,1,3
3455,613,10,2
3456,690,2,3
3457,652,5,2
3458,743,2,2
3459,251,4,2
3460,616,2,1
3461,437,1,3
3462,742,10,3
3463,631,4,1
3464,131,4,2
3465,660,5,3
3466,267,8,2
3467,110,3,3
3468,493,6,2
3469,865,2,3
3470,564,9,3
3471,924,3,1
3472,669,8,1
3473,574,1,3
3474,964,11,1
3475,166,9,2
3476,289,8,1
3477,813,10,3
3478,443,1,2
3479,38,11,2
3480,810,6,3
3481,660,2,3
3482,908,6,3
3483,298,9,1
3484,806,8,1
3485,405,6,3
3486,429,2,3
3487,232,10,1
3488,31,7,2
3489,294,5,2
3490,800,4,1
3491,499,1,3
3492,779,8,2
3493,42,10,1
3494,408,8,1
3495,755,8,3
3496,376,8,2
3497,211,7,1
3498,846,2,3
3499,206,2,2
3500,99,9,1
3501,237,6,3
3502,332,3,3
3503,586,10,2
3504,710,3,1
3505,914,4,3
3506,231,1,3
3507,158,5,3
3508,674,3,3
3509,670,6,3
3510,659,4,3
3511,215,4,2
3512,122,1,3
3513,409,3,3
3514,168,10,1
3515,196,10,3
3516,894,7,1
3517,964,6,1
3518,281,5,2
3519,862,11,2
3520,753,2,3
3521,447,4,2
3522,141,10,2
3523,565,11,2
3524,970,8,2
3525,801,9,3
3526,892,6,1
3527,6,8,1
3528,202,3,2
3529,670,6,3
3530,250,6,2
3531,748,5,3
3532,634,4,2
3533,76,6,2
3534,1000,8,1
3535,471,6,2
3536,789,1,3
3537,219,7,2
3538,122,2,3
3539,544,3,2
3540,225,5,2
3541,735,5,3
3542,433,9,2
3543,203,7,3
3544,790,7,1
3545,761,6,1
3546,976,8,2
3547,660,4,3
3548,772,3,2
3549,474,9,3
3550,973,7,2
3551,973,6,2
3552,876,4,3
3553,540,5,1
3554,761,2,3
3555,455,6,3
3556,389,4,1
3557,151,5,2
3558,811,10,2
3559,411,9,1
3560,776,3,2
3561,213,1,2
3562,484,3,1
3563,630,8,3
3564,569,2,2
3565,538,3,1
3566,359,3,2
3567,744,5,3
3568,941,6,1
3569,288,3,2
3570,34,5,3
3571,613,3,1
3572,124,11,2
3573,31,2,2
3574,489,9,1
3575,733,8,3
3576,545,1,3
3577,76,1,1
3578,140,5,3
3579,300,6,2
3580,252,11,3
3581,632,1,2
3582,57,2,2
3583,813,11,3
3584,368,7,1
3585,128,11,2
3586,12,5,1
3587,170,3,3
3588,422,4,2
3589,585,6,2
3590,569,5,3
3591,810,2,3
3592,754,10,3
3593,158,10,2
3594,663,6,2
3595,283,8,2
3596,557,7,2
3597,570,4,3
3598,250,1,2
3599,50,2,3
3600,857,3,1
3601,694,2,2
3602,234,6,1
3603,187,1,2
3604,539,6,3
3605,751,1,2
3606,299,5,2
3607,15,6,1
3608,225,3,3
3609,107,1,3
3610,896,9,3
3611,339,5,2
3612,31,7,1
3613,397,9,1
3614,386,8,3
3615,294,8,2
3616,810,4,1
3617,550,5,1
3618,725,9,2
3619,350,8,2
3620,443,6,2
3621,694,8,2
3622,577,2,1
3623,905,2,1
3624,584,8,1
3625,985,6,2
3626,446,11,3
3627,301,5,2
3628,109,8,1
3629,862,6,1
3630,182,7,2
3631,6,10,1
3632,712,6,1
3633,387,7,3
3634,988,8,2
3635,375,5,2
3636,843,7,1
3637,724,6,2
3638,961,9,3
3639,955,11,1
3640,849,4,3
3641,372,3,2
3642,611,9,1
3643,10,1,3
3644,458,10,3
3645,112,2,1
3646,63,6,3
3647,271,10,3
3648,536,10,3
3649,746,1,1
3650,888,1,3
3651,846,1,3
3652,914,6,3
3653,616,5,2
3654,46,7,3
3655,553,2,1
3656,700,8,2
3657,485,4,1
3658,507,5,1
3659,259,6,3
3660,619,2,3
3661,561,11,3
3662,293,1,1
3663,622,11,1
3664,975,6,2
3665,44,4,3
3666,382,6,1
3667,653,1,3
3668,349,1,1
3669,350,4,2
3670,110,2,3
3671,553,2,1
3672,414,1,2
3673,726,8,2
3674,105,1,1
3675,10,6,2
3676,209,5,1
3677,171,11,3
3678,467,10,1
3679,825,8,1
3680,523,11,3
3681,905,10,2
3682,134,3,2
3683,243,10,1
3684,288,4,1
3685,148,6,2
3686,478,1,2
3687,253,8,3
3688,106,10,1
3689,603,4,3
3690,81,3,3
3691,574,8,3
3692,344,2,1
3693,919,2,3
3694,252,7,1
3695,440,9,1
3696,881,5,2
3697,972,5,2
3698,548,10,3
3699,904,10,3
3700,639,7,2
3701,757,5,2
3702,302,8,2
3703,466,4,3
3704,302,6,1
3705,699,5,1
3706,900,9,1
3707,466,3,1
3708,524,7,2
3709,4,5,3
3710,983,3,2
3711,212,11,1
3712,86,1,3
3713,325,1,2
3714,300,5,2
3715,227,9,1
3716,350,10,2
3717,485,9,2
3718,761,5,3
3719,897,3,1
3720,438,3,1
3721,680,7,2
3722,889,1,1
3723,210,7,3
3724,575,1,2
3725,971,7,2
3726,176,5,1
3727,750,10,3
3728,1000,3,2
3729,979,2,2
3730,736,11,3
3731,11,9,2
3732,117,10,2
3733,538,6,3
3734,458,3,1
3735,346,4,2
3736,734,2,1
3737,44,3,3
3738,152,3,1
3739,774,5,1
3740,391,5,3
3741,636,11,1
3742,274,4,3
3743,138,7,2
3744,184,7,2
3745,695,6,1
3746,428,10,3
3747,824,7,2
3748,678,6,1
3749,784,9,1
3750,176,7,2
3751,687,3,1
3752,835,6,2
3753,999,6,2
3754,685,1,3
3755,772,1,2
3756,299,1,1
3757,719,7,2
3758,15,3,2
3759,236,7,3
3760,489,10,3
3761,251,8,2
3762,290,4,3
3763,72,1,3
3764,688,8,1
3765,604,5,1
3766,816,10,3
3767,916,8,2
3768,513,5,2
3769,514,2,3
3770,273,6,2
3771,131,6,1
3772,195,9,3
3773,953,8,2
3774,397,2,2
3775,538,3,3
3776,135,8,1
3777,491,2,3
3778,959,3,1
3779,29,11,2
3780,565,1,2
3781,372,6,3
3782,963,11,2
3783,799,11,2
3784,638,11,1
3785,295,11,1
3786,439,4,2
3787,352,9,2
3788,9,10,3
3789,281,9,2
3790,307,8,1
3791,967,8,1
3792,94,7,2
3793,375,8,1
3794,412,3,3
3795,7,11,1
3796,56,6,3
3797,974,3,3
3798,500,1,1
3799,581,9,2
3800,98,1,2
3801,459,4,3
3802,899,6,2
3803,688,2,3
3804,38,6,1
3805,323,6,2
3806,69,6,1
3807,484,11,2
3808,546,8,2
3809,165,2,3
3810,780,2,3
3811,633,10,1
3812,451,4,2
3813,716,10,2
3814,228,7,3
3815,8,2,1
3816,425,3,1
3817,669,10,1
3818,905,8,3
3819,876,4,2
3820,326,4,1
3821,419,11,2
3822,409,11,3
3823,747,10,1
3824,941,2,1
3825,106,8,1
3826,141,8,2
3827,271,10,2
3828,354,4,1
3829,48,8,3
3830,863,11,1
3831,754,11,3
3832,256,7,2
3833,14,4,1
3834,928,3,3
3835,430,8,3
3836,684,5,2
3837,203,3,2
3838,778,8,2
3839,363,9,2
3840,7,10,1
3841,679,4,2
3842,287,6,2
3843,201,1,2
3844,976,4,1
3845,314,5,2
3846,216,6,1
3847,112,6,3
3848,199,3,1
3849,777,9,3
3850,504,1,3
3851,757,9,2
3852,828,8,3
3853,703,7,1
3854,109,6,2
3855,240,4,3
3856,256,1,3
3857,712,4,2
3858,839,11,2
3859,984,4,3
3860,841,1,2
3861,589,6,1
3862,309,5,1
3863,679,4,2
3864,457,3,2
3865,589,1,1
3866,996,4,2
3867,521,8,2
3868,850,11,1
3869,160,6,3
3870,48,7,2
3871,700,9,1
3872,962,9,2
3873,794,6,2
3874,646,3,1
3875,689,2,1
3876,707,3,1
3877,932,6,3
3878,230,3,2
3879,831,3,3
3880,754,3,1
3881,354,1,2
3882,839,7,3
3883,49,3,1
3884,820,6,2
3885,733,3,1
3886,569,9,2
3887,818,3,1
3888,970,1,1
3889,86,4,3
3890,236,4,2
3891,6,6,1
3892,833,6,3
3893,384,7,2
3894,379,2,2
3895,196,3,1
3896,475,10,1
3897,920,8,3
3898,407,1,1
3899,405,8,3
3900,719,11,2
3901,793,3,3
3902,488,1,3
3903,169,3,2
3904,102,1,1
3905,238,10,3
3906,430,6,1
3907,772,5,2
3908,215,7,2
3909,884,5,1
3910,30,2,3
3911,307,10,3
3912,93,8,3
3913,800,7,3
3914,297,9,2
3915,285,7,3
3916,859,11,3
3917,899,8,2
3918,264,3,2
3919,781,11,2
3920,854,6,2
3921,788,11,2
3922,205,4,1
3923,295,5,3
3924,263,5,1
3925,578,10,3
3926,915,8,3
3927,880,6,2
3928,878,11,3
3929,285,10,2
3930,679,11,2
3931,453,10,2
3932,222,9,1
3933,43,7,1
3934,419,1,2
3935,608,9,1
3936,323,1,3
3937,789,3,2
3938,601,2,1
3939,453,7,3
3940,898,10,1
3941,162,7,3
3942,654,3,1
3943,419,2,1
3944,198,7,1
3945,674,4,1
3946,405,4,1
3947,37,3,1
3948,477,10,2
3949,498,5,1
3950,44,7,3
3951,134,9,1
3952,503,7,1
3953,215,2,3
3954,139,9,1
3955,682,1,3
3956,219,6,3
3957,271,8,2
3958,231,11,3
3959,852,11,3
3960,277,8,3
3961,551,10,3
3962,168,8,2
3963,216,4,1
3964,431,5,2
3965,19,11,2
3966,530,1,2
3967,775,2,2
3968,367,1,1
3969,454,1,1
3970,187,5,2
3971,177,6,1
3972,154,8,2
3973,279,2,1
3974,37,2,1
3975,95,5,3
3976,775,10,1
3977,225,8,3
3978,313,3,3
3979,452,1,1
3980,25,9,1
3981,692,4,1
3982,290,1,1
3983,867,11,2
3984,987,11,3
3985,170,8,3
3986,574,10,2
3987,469,10,2
3988,342,10,1
3989,767,11,2
3990,812,4,1
3991,695,7,3
3992,102,3,1
3993,134,11,3
3994,887,3,3
3995,152,3,2
3996,934,7,2
3997,740,8,3
3998,242,7,2
3999,55,2,3
4000,655,4,1
4001,395,9,1
4002,370,9,3
4003,563,4,2
4004,517,6,1
4005,948,9,1
4006,758,2,2
4007,267,11,1
4008,522,3,1
4009,594,4,1
4010,880,3,1
4011,493,11,2
4012,479,8,3
4013,854,5,2
4014,989,8,3
4015,838,9,2
4016,121,5,2
4017,997,4,1
4018,305,10,3
4019,771,11,2
4020,38,4,2
4021,699,10,3
4022,822,10,2
4023,378,1,3
4024,975,11,1
4025,624,2,2
4026,634,2,2
4027,272,1,3
4028,861,9,1
4029,791,11,3
4030,433,1,1
4031,241,7,2
4032,440,9,3
4033,448,6,3
4034,908,6,3
4035,128,6,3
4036,69,2,3
4037,581,3,3
4038,106,8,2
4039,685,8,1
4040,765,9,3
4041,775,9,2
4042,329,7,1
4043,937,6,1
4044,276,10,2
4045,840,9,2
4046,395,3,2
4047,796,5,2
4048,700,1,1
4049,812,11,1
4050,587,9,3
4051,453,8,2
4052,300,4,3
4053,232,4,2
4054,653,11,2
4055,44,9,3
4056,563,11,1
4057,758,5,1
4058,177,2,1
4059,74,4,3
4060,406,3,1
4061,404,7,1
4062,831,1,3
4063,910,6,3
4064,802,6,3
4065,766,7,1
4066,630,6,1
4067,671,10,2
4068,148,5,3
4069,494,7,1
4070,889,4,3
4071,731,11,2
4072,42,4,1
4073,209,8,1
4074,230,8,1
4075,806,3,2
4076,323,8,3
4077,486,4,2
4078,924,2,1
4079,588,9,2
4080,68,3,2
4081,886,7,2
4082,348,10,3
4083,846,7,1
4084,866,5,3
4085,827,1,2
4086,661,1,1
4087,404,9,1
4088,343,11,3
4089,689,7,3
4090,43,7,3
4091,797,1,1
4092,840,1,3
4093,41,8,1
4094,896,8,1
4095,906,4,2
4096,610,9,2
4097,598,2,1
4098,8,2,1
4099,530,6,1
4100,915,2,2
4101,966,8,3
4102,73,10,1
4103,256,10,2
4104,49,10,2
4105,659,6,1
4106,79,2,1
4107,738,2,3
4108,130,5,2
4109,794,10,3
4110,785,5,3
4111,292,3,1
4112,410,2,1
4113,974,7,1
4114,90,11,2
4115,627,11,3
4116,996,1,2
4117,210,2,1
4118,515,8,3
4119,488,9,3
4120,923,1,1
4121,765,9,2
4122,894,1,3
4123,93,10,1
4124,197,9,1
4125,136,9,3
4126,793,11,2
4127,675,2,3
4128,437,6,3
4129,374,5,3
4130,93,2,3
4131,29,9,2
4132,623,2,1
4133,55,9,3
4134,15,11,3
4135,387,2,1
4136,232,4,2
4137,29,5,1
4138,658,5,2
4139,838,4,1
4140,440,6,2
4141,901,1,1
4142,491,1,3
4143,29,11,2
4144,134,2,2
4145,750,2,1
4146,557,2,3
4147,467,2,2
4148,994,9,2
4149,288,8,2
4150,952,2,2
4151,273,3,1
4152,871,2,1
4153,613,6,3
4154,438,8,1
4155,261,9,2
4156,361,6,2
4157,599,11,2
4158,675,10,2
4159,704,6,2
4160,38,7,1
4161,573,8,1
4162,119,8,1
4163,203,7,2
4164,553,9,1
4165,570,4,1
4166,300,7,1
4167,35,9,3
4168,275,11,3
4169,514,1,2
4170,8,1,1
4171,645,10,2
4172,398,3,3
4173,755,6,3
4174,722,7,2
4175,725,10,3
4176,616,7,1
4177,531,6,1
4178,255,9,3
4179,949,7,2
4180,895,9,2
4181,321,4,3
4182,374,7,2
4183,51,11,2
4184,94,2,2
4185,175,10,2
4186,991,11,1
4187,747,5,2
4188,271,7,2
4189,365,4,2
4190,255,2,1
4191,233,8,1
4192,218,9,3
4193,557,9,1
4194,286,8,1
4195,815,6,3
4196,67,11,1
4197,448,4,3
4198,195,6,3
4199,766,9,3
4200,578,8,1
4201,257,9,1
4202,763,11,2
4203,902,10,2
4204,880,4,3
4205,474,4,3
4206,847,10,1
4207,212,4,3
4208,483,5,2
4209,734,8,1
4210,221,7,1
4211,905,6,2
4212,496,9,3
4213,43,5,3
4214,890,3,1
4215,640,11,2
4216,697,1,1
4217,281,1,1
4218,348,2,3
4219,591,10,2
4220,41,11,1
4221,281,10,3
4222,793,11,2
4223,187,8,1
4224,602,3,2
4225,731,4,3
4226,725,1,2
4227,753,9,2
4228,97,1,3
4229,547,3,3
4230,71,8,2
4231,274,7,3
4232,754,1,1
4233,864,6,1
4234,248,5,3
4235,209,7,1
4236,392,5,1
4237,989,5,3
4238,902,5,1
4239,29,8,1
4240,895,9,3
4241,513,7,2
4242,256,6,1
4243,225,10,3
4244,871,9,1
4245,710,5,3
4246,886,10,2
4247,325,2,3
4248,800,6,1
4249,202,7,1
4250,636,5,1
4251,255,6,3
4252,663,9,3
4253,290,11,2
4254,689,4,1
4255,950,4,1
4256,935,2,1
4257,807,6,1
4258,987,7,2
4259,486,8,2
4260,223,4,2
4261,916,7,3
4262,390,6,2
4263,867,11,3
4264,960,1,2
4265,105,5,2
4266,101,8,3
4267,796,6,3
4268,896,8,1
4269,467,8,2
4270,673,11,1
4271,686,5,3
4272,458,10,1
4273,925,11,2
4274,20,8,2
4275,297,5,1
4276,197,9,3
4277,281,7,1
4278,535,5,2
4279,31,9,1
4280,723,1,3
4281,664,8,2
4282,536,4,3
4283,536,9,1
4284,125,10,2
4285,753,5,3
4286,412,3,2
4287,38,1,1
4288,26,6,2
4289,395,11,3
4290,48,4,2
4291,403,11,3
4292,527,4,3
4293,768,9,3
4294,591,9,2
4295,80,2,1
4296,122,9,2
4297,938,8,3
4298,821,1,2
4299,365,10,1
4300,324,1,1
4301,490,1,1
4302,621,1,2
4303,911,4,1
4304,657,11,1
4305,688,3,2
4306,318,3,2
4307,273,3,3
4308,284,9,2
4309,232,4,3
4310,396,7,1
4311,340,8,3
4312,494,9,1
4313,227,8,1
4314,539,8,3
4315,256,3,1
4316,648,4,3
4317,231,5,2
4318,576,10,3
4319,793,8,3
4320,520,1,2
4321,841,2,2
4322,860,5,2
4323,40,1,2
4324,636,2,2
4325,446,3,1
4326,525,10,3
4327,690,7,3
4328,694,8,2
4329,590,5,2
4330,322,5,3
4331,14,2,1
4332,408,8,2
4333,640,8,1
4334,434,3,2
4335,884,5,1
4336,841,2,3
4337,943,8,1
4338,332,10,3
4339,964,2,1
4340,679,9,3
4341,307,5,1
4342,740,11,2
4343,479,5,3
4344,680,10,1
4345,182,1,3
4346,502,2,2
4347,628,11,3
4348,55,6,3
4349,229,1,2
4350,382,6,3
4351,373,2,3
4352,98,2,1
4353,183,2,1
4354,524,10,3
4355,328,4,3
4356,930,5,1
4357,693,6,1
4358,824,10,3
4359,915,5,1
4360,104,7,3
4361,279,4,2
4362,40,10,3
4363,347,10,3
4364,107,10,1
4365,634,10,2
4366,366,1,1
4367,213,1,1
4368,429,4,1
4369,317,3,1
4370,751,7,3
4371,688,3,3
4372,5,6,2
4373,77,9,2
4374,794,10,1
4375,601,4,3
4376,879,5,1
4377,236,9,3
4378,495,4,3
4379,924,6,3
4380,288,6,3
4381,986,1,2
4382,497,5,2
4383,320,4,3
4384,551,7,1
4385,61,8,3
4386,6,4,3
4387,793,11,3
4388,145,3,2
4389,125,3,2
4390,400,5,2
4391,871,9,1
4392,716,5,2
4393,703,3,1
4394,299,4,1
4395,29,3,2
4396,913,9,1
4397,567,8,2
4398,30,8,3
4399,323,5,1
4400,397,6,1
4401,720,5,3
4402,193,5,2
4403,122,10,1
4404,918,3,3
4405,341,1,2
4406,805,8,2
4407,628,9,3
4408,794,7,3
4409,37,3,3
4410,90,11,2
4411,469,11,2
4412,983,9,2
4413,372,1,1
4414,333,6,3
4415,169,3,2
4416,417,4,3
4417,715,6,2
4418,188,10,3
4419,836,5,1
4420,482,1,3
4421,388,3,1
4422,209,2,3
4423,611,5,1
4424,871,5,1
4425,437,11,2
4426,951,9,2
4427,868,5,2
4428,733,2,3
4429,104,6,3
4430,455,9,2
4431,492,8,1
4432,463,8,1
4433,846,7,3
4434,353,8,1
4435,239,1,1
4436,416,9,1
4437,98,8,2
4438,517,1,1
4439,524,11,2
4440,568,5,2
4441,150,3,3
4442,581,6,2
4443,378,4,1
4444,479,11,1
4445,816,4,1
4446,609,8,1
4447,283,1,2
4448,172,2,1
4449,605,1,1
4450,864,11,3
4451,541,4,1
4452,56,3,2
4453,579,7,3
4454,746,9,2
4455,614,3,2
4456,713,8,3
4457,95,2,3
4458,692,8,3
4459,924,4,2
4460,108,2,3
4461,236,9,2
4462,760,4,1
4463,265,2,1
4464,768,6,2
4465,369,11,1
4466,36,11,2
4467,464,6,1
4468,527,2,2
4469,586,5,2
4470,316,1,2
4471,565,6,2
4472,893,2,2
4473,592,11,1
4474,142,4,2
4475,422,11,1
4476,570,3,3
4477,771,3,2
4478,533,11,3
4479,180,1,3
4480,713,5,1
4481,967,9,3
4482,460,5,3
4483,225,1,3
4484,749,10,2
4485,708,5,3
4486,95,9,1
4487,164,8,1
4488,913,6,3
4489,305,10,2
4490,315,6,2
4491,525,6,3
4492,548,1,1
4493,182,6,3
4494,21,5,3
4495,811,6,3
4496,808,7,1
4497,996,6,3
4498,186,6,3
4499,106,7,1
4500,911,10,2
4501,335,8,2
4502,906,3,1
4503,426,5,2
4504,790,2,1
4505,504,9,1
4506,987,8,1
4507,693,3,3
4508,970,11,3
4509,507,3,1
4510,962,3,3
4511,458,11,1
4512,214,3,3
4513,79,8,3
4514,523,7,3
4515,695,9,1
4516,647,3,2
4517,543,1,2
4518,2,7,3
4519,920,3,1
4520,484,2,3
4521,790,8,2
4522,707,5,2
4523,618,10,1
4524,612,9,1
4525,743,1,1
4526,76,9,3
4527,87,7,1
4528,549,6,1
4529,42,6,3
4530,361,4,3
4531,579,5,1
4532,952,11,3
4533,486,7,1
4534,225,10,2
4535,834,7,3
4536,710,10,1
4537,741,2,3
4538,299,2,2
4539,824,8,3
4540,60,4,3
4541,796,9,2
4542,222,3,3
4543,881,11,2
4544,20,5,2
4545,471,1,2
4546,101,8,3
4547,884,2,2
4548,815,11,3
4549,858,4,1
4550,670,11,1
4551,935,7,1
4552,808,3,2
4553,991,7,1
4554,737,5,3
4555,898,7,1
4556,598,5,2
4557,945,11,3
4558,338,7,2
4559,311,1,2
4560,431,4,1
4561,512,5,2
4562,724,3,3
4563,739,6,3
4564,181,6,1
4565,820,10,3
4566,956,3,1
4567,488,9,1
4568,766,10,3
4569,591,7,1
4570,837,7,2
4571,333,4,2
4572,569,7,2
4573,476,11,1
4574,570,1,1
4575,929,7,3
4576,893,1,1
4577,860,5,2
4578,838,5,2
4579,599,4,1
4580,274,8,2
4581,208,9,2
4582,604,5,2
4583,341,11,2
4584,881,11,1
4585,242,4,3
4586,620,4,2
4587,654,11,2
4588,129,11,3
4589,333,5,3
4590,849,5,3
4591,910,2,2
4592,370,11,2
4593,427,4,3
4594,490,5,3
4595,318,3,3
4596,447,7,3
4597,895,6,2
4598,31,4,2
4599,903,9,1
4600,593,9,1
4601,564,3,3
4602,866,5,1
4603,132,8,2
4604,461,4,2
4605,197,4,1
4606,857,3,3
4607,888,5,1
4608,922,2,1
4609,599,3,3
4610,191,6,3
4611,872,3,2
4612,972,11,1
4613,303,3,3
4614,922,3,1
4615,154,4,2
4616,477,4,2
4617,339,10,1
4618,182,6,3
4619,568,1,2
4620,343,7,2
4621,810,9,1
4622,35,3,1
4623,328,5,1
4624,644,10,3
4625,963,10,1
4626,774,8,2
4627,271,8,3
4628,653,9,1
4629,853,4,2
4630,169,11,2
4631,8,6,2
4632,761,8,3
4633,229,8,2
4634,400,9,1
4635,118,6,1
4636,994,11,2
4637,546,8,3
4638,311,10,2
4639,733,11,2
4640,340,7,1
4641,531,3,3
4642,752,3,2
4643,879,10,3
4644,632,1,3
4645,670,6,2
4646,540,1,2
4647,271,7,1
4648,180,9,2
4649,765,11,1
4650,188,10,3
4651,967,10,1
4652,802,4,3
4653,708,4,3
4654,912,3,2
4655,357,10,3
4656,340,10,2
4657,134,6,1
4658,923,3,3
4659,179,4,2
4660,1,5,1
4661,964,4,3
4662,731,6,1
4663,265,5,1
4664,19,7,2
4665,990,8,3
4666,148,11,3
4667,154,9,2
4668,625,11,1
4669,317,11,2
4670,630,5,2
4671,419,3,1
4672,487,5,2
4673,307,2,3
4674,422,3,2
4675,948,7,3
4676,465,10,3
4677,241,3,1
4678,88,1,3
4679,154,6,2
4680,798,1,3
4681,865,6,2
4682,496,7,2
4683,806,6,1
4684,68,7,2
4685,280,4,2
4686,319,6,3
4687,171,7,3
4688,961,3,3
4689,327,7,1
4690,507,11,1
4691,899,4,2
4692,226,1,1
4693,473,10,3
4694,879,6,2
4695,360,9,1
4696,759,4,3
4697,16,8,2
4698,709,2,1
4699,326,10,1
4700,571,11,3
4701,346,8,1
4702,454,2,1
4703,212,8,3
4704,239,8,3
4705,455,1,2
4706,490,2,2
4707,830,2,2
4708,546,11,2
4709,853,3,3
4710,735,8,3
4711,255,4,1
4712,254,10,2
4713,370,8,3
4714,513,3,1
4715,829,1,1
4716,501,6,1
4717,114,10,2
4718,235,3,2
4719,690,9,1
4720,743,4,2
4721,665,8,1
4722,76,10,2
4723,330,3,2
4724,480,8,1
4725,552,1,1
4726,138,1,2
4727,687,10,1
4728,112,4,2
4729,821,8,3
4730,826,4,1
4731,233,8,2
4732,348,2,3
4733,150,4,3
4734,399,2,1
4735,640,2,3
4736,505,1,1
4737,914,10,2
4738,182,8,1
4739,949,11,1
4740,310,11,2
4741,456,8,1
4742,242,4,3
4743,49,6,2
4744,455,5,2
4745,171,3,3
4746,290,5,2
4747,754,3,2
4748,24,10,3
4749,924,7,1
4750,664,2,2
4751,3,4,3
4752,213,9,1
4753,616,4,1
4754,155,1,1
4755,77,3,1
4756,926,6,3
4757,629,10,2
4758,425,2,1
4759,618,2,2
4760,320,7,3
4761,550,4,2
4762,90,1,3
4763,380,8,3
4764,183,9,3
4765,56,5,3
4766,977,1,2
4767,702,8,2
4768,374,4,1
4769,376,8,3
4770,110,6,3
4771,815,9,2
4772,812,4,1
4773,669,5,1
4774,245,6,2
4775,342,8,3
4776,768,11,3
4777,70,4,1
4778,249,5,3
4779,692,2,2
4780,369,8,1
4781,477,6,3
4782,645,6,3
4783,313,11,2
4784,32,10,1
4785,919,11,1
4786,946,5,2
4787,989,8,1
4788,297,9,1
4789,214,2,2
4790,228,1,3
4791,112,11,3
4792,392,9,2
4793,392,8,1
4794,178,4,2
4795,492,8,2
4796,713,4,3
4797,923,3,3
4798,541,5,3
4799,919,11,3
4800,373,1,1
4801,664,9,1
4802,284,5,3
4803,854,1,1
4804,337,7,1
4805,436,3,3
4806,665,9,1
4807,740,2,3
4808,932,2,3
4809,591,7,2
4810,188,6,3
4811,254,6,1
4812,269,4,2
4813,43,5,3
4814,442,9,1
4815,489,8,2
4816,471,5,1
4817,148,7,1
4818,549,10,2
4819,607,9,2
4820,318,10,1
4821,637,3,1
4822,35,10,3
4823,785,6,3
4824,677,2,2
4825,113,11,2
4826,184,11,2
4827,31,2,1
4828,430,4,2
4829,621,10,3
4830,399,7,2
4831,843,4,1
4832,913,2,2
4833,427,4,1
4834,257,5,3
4835,16,8,1
4836,918,5,2
4837,506,3,1
4838,348,5,3
4839,387,1,1
4840,743,1,2
4841,846,7,1
4842,307,3,3
4843,943,9,1
4844,447,1,2
4845,103,5,1
4846,262,2,3
4847,770,10,3
4848,249,1,1
4849,591,5,3
4850,313,1,1
4851,215,3,3
4852,729,8,2
4853,320,1,1
4854,553,5,3
4855,391,11,2
4856,564,2,2
4857,69,10,3
4858,94,10,3
4859,815,2,2
4860,261,2,2
4861,937,5,1
4862,895,2,2
4863,490,8,3
4864,798,10,3
4865,733,4,1
4866,9,10,1
4867,962,11,3
4868,113,1,1
4869,907,11,1
4870,623,11,2
4871,387,3,3
4872,552,1,2
4873,325,7,1
4874,591,11,2
4875,234,10,3
4876,917,3,3
4877,1,11,3
4878,192,9,1
4879,200,8,1
4880,931,4,3
4881,40,11,3
4882,221,1,3
4883,631,5,3
4884,854,6,3
4885,473,3,3
4886,434,10,1
4887,367,9,1
4888,347,10,1
4889,856,3,1
4890,722,2,2
4891,726,4,1
4892,444,9,2
4893,456,5,3
4894,844,6,2
4895,652,3,1
4896,750,3,3
4897,791,6,1
4898,785,6,3
4899,74,4,2
4900,762,8,2
4901,540,5,1
4902,408,1,2
4903,338,10,2
4904,570,9,2
4905,550,6,3
4906,256,3,1
4907,610,4,3
4908,367,9,1
4909,342,3,3
4910,683,2,1
4911,840,10,2
4912,459,10,2
4913,828,4,3
4914,290,7,2
4915,684,7,2
4916,862,6,1
4917,608,5,2
4918,691,2,3
4919,25,7,2
4920,79,3,1
4921,258,11,2
4922,530,5,3
4923,24,7,2
4924,370,5,1
4925,662,6,1
4926,603,11,1
4927,429,3,1
4928,780,10,2
4929,877,8,3
4930,621,5,3
4931,449,9,2
4932,108,5,2
4933,423,7,1
4934,501,7,3
4935,856,8,3
4936,393,5,3
4937,250,10,1
4938,876,1,2
4939,949,9,2
4940,168,9,1
4941,953,4,3
4942,464,3,3
4943,478,9,3
4944,564,6,3
4945,567,1,1
4946,178,4,1
4947,306,8,3
4948,919,5,3
4949,727,5,3
4950,766,9,3
4951,507,4,1
4952,10,5,3
4953,832,3,2
4954,999,1,2
4955,255,4,3
4956,169,11,1
4957,438,10,3
4958,242,11,2
4959,208,5,1
4960,874,8,1
4961,301,6,3
4962,853,2,1
4963,881,5,2
4964,666,3,3
4965,363,2,3
4966,532,1,2
4967,993,7,3
4968,871,5,3
4969,892,7,2
4970,899,7,1
4971,836,6,2
4972,626,11,2
4973,707,7,3
4974,658,8,1
4975,736,11,3
4976,394,1,1
4977,440,5,2
4978,833,6,3
4979,761,9,3
4980,762,2,3
4981,774,2,3
4982,304,5,2
4983,173,9,3
4984,975,5,2
4985,488,5,1
4986,107,11,2
4987,586,9,2
4988,784,1,2
4989,167,1,2
4990,936,6,2
4991,729,7,3
4992,553,5,1
4993,70,2,1
4994,291,6,3
4995,574,9,2
4996,713,4,3
4997,845,4,2
4998,541,7,2
4999,298,4,3
